order_id,product_id,quantity,price,order_date
1,18,5,127.88,2024-07-14T00:00:00
2,9,3,22.1,2024-07-13T00:00:00
3,58,4,99.48,2024-02-23T00:00:00
4,13,4,9.11,2024-04-09T00:00:00
5,56,5,115.53,2024-01-01T00:00:00
6,90,4,43.62,2024-02-28T00:00:00
7,76,1,135.71,2024-01-08T00:00:00
8,3,1,99.18,2024-01-03T00:00:00
9,49,2,145.51,2024-07-04T00:00:00
10,4,5,37.15,2024-04-22T00:00:00
11,64,5,38.8,2024-02-29T00:00:00
12,87,2,115.34,2024-03-15T00:00:00
13,3,4,126.45,2024-05-22T00:00:00
14,83,1,31.96,2024-07-04T00:00:00
15,38,1,112.76,2024-07-03T00:00:00
16,92,5,140.78,2024-04-18T00:00:00
17,65,2,48.99,2024-05-30T00:00:00
18,64,5,62.04,2024-01-09T00:00:00
19,62,2,112.84,2024-04-13T00:00:00
20,54,2,58.23,2024-06-28T00:00:00
21,100,3,17.54,2024-06-18T00:00:00
22,66,1,117.87,2024-05-13T00:00:00
23,51,3,76.01,2024-01-08T00:00:00
24,61,1,49.74,2024-06-06T00:00:00
25,76,5,62.07,2024-02-13T00:00:00
26,22,5,37.91,2024-01-04T00:00:00
27,99,2,83.24,2024-05-20T00:00:00
28,30,4,79.5,2024-05-27T00:00:00
29,46,4,136.91,2024-06-17T00:00:00
30,71,5,143.78,2024-01-02T00:00:00
31,50,5,122.33,2024-05-12T00:00:00
32,100,5,34.8,2024-01-15T00:00:00
33,62,3,87.65,2024-02-21T00:00:00
34,65,4,75.31,2024-04-01T00:00:00
35,54,3,5.23,2024-05-18T00:00:00
36,80,5,53.01,2024-06-02T00:00:00
37,4,2,97.13,2024-05-20T00:00:00
38,75,2,129.85,2024-05-21T00:00:00
39,33,1,127.05,2024-06-21T00:00:00
40,10,1,130.87,2024-04-25T00:00:00
41,2,3,41.19,2024-01-29T00:00:00
42,80,2,54.94,2024-01-18T00:00:00
43,22,2,42.01,2024-02-13T00:00:00
44,85,3,98.99,2024-03-16T00:00:00
45,59,3,76.99,2024-01-30T00:00:00
46,4,3,61.05,2024-04-17T00:00:00
47,25,3,20.77,2024-07-05T00:00:00
48,66,2,145.01,2024-04-20T00:00:00
49,3,2,7.59,2024-02-07T00:00:00
50,5,2,69.62,2024-05-09T00:00:00
51,87,4,83.98,2024-02-26T00:00:00
52,81,5,70.37,2024-05-14T00:00:00
53,84,1,62.26,2024-05-27T00:00:00
54,42,4,13.52,2024-03-17T00:00:00
55,17,2,131.95,2024-03-19T00:00:00
56,10,1,50.0,2024-03-17T00:00:00
57,96,2,65.34,2024-03-05T00:00:00
58,17,1,86.3,2024-01-10T00:00:00
59,76,2,144.52,2024-05-25T00:00:00
60,59,2,125.05,2024-07-18T00:00:00
61,91,5,78.79,2024-04-06T00:00:00
62,26,3,19.36,2024-05-26T00:00:00
63,87,4,90.75,2024-05-06T00:00:00
64,14,4,47.93,2024-05-07T00:00:00
65,3,3,93.76,2024-04-12T00:00:00
66,37,1,27.76,2024-03-24T00:00:00
67,73,2,54.17,2024-02-24T00:00:00
68,35,1,126.47,2024-05-20T00:00:00
69,45,5,75.25,2024-05-16T00:00:00
70,31,1,110.19,2024-01-22T00:00:00
71,18,2,29.15,2024-05-17T00:00:00
72,28,3,115.07,2024-06-02T00:00:00
73,65,3,58.38,2024-03-28T00:00:00
74,15,3,39.1,2024-06-03T00:00:00
75,100,4,24.63,2024-05-21T00:00:00
76,99,1,51.51,2024-04-14T00:00:00
77,10,4,130.59,2024-02-07T00:00:00
78,17,3,21.63,2024-05-30T00:00:00
79,49,1,87.76,2024-02-27T00:00:00
80,73,1,143.08,2024-04-03T00:00:00
81,38,5,82.47,2024-01-30T00:00:00
82,59,3,20.62,2024-01-12T00:00:00
83,38,1,93.98,2024-01-04T00:00:00
84,12,4,21.69,2024-01-11T00:00:00
85,25,2,118.9,2024-05-30T00:00:00
86,54,2,21.76,2024-02-12T00:00:00
87,88,2,28.05,2024-01-27T00:00:00
88,56,4,121.94,2024-05-18T00:00:00
89,38,5,41.74,2024-05-02T00:00:00
90,41,1,35.1,2024-03-22T00:00:00
91,6,1,6.52,2024-03-16T00:00:00
92,93,5,51.44,2024-04-10T00:00:00
93,41,4,14.13,2024-03-22T00:00:00
94,77,4,21.15,2024-02-25T00:00:00
95,80,5,130.8,2024-04-30T00:00:00
96,85,3,42.57,2024-05-18T00:00:00
97,27,3,33.89,2024-04-02T00:00:00
98,11,3,17.97,2024-07-11T00:00:00
99,58,1,99.54,2024-06-13T00:00:00
100,44,2,61.62,2024-03-19T00:00:00
101,6,3,32.09,2024-05-28T00:00:00
102,39,2,53.48,2024-05-19T00:00:00
103,79,5,122.1,2024-01-24T00:00:00
104,32,2,7.95,2024-03-03T00:00:00
105,52,1,43.87,2024-01-19T00:00:00
106,94,1,8.12,2024-01-03T00:00:00
107,38,3,76.52,2024-02-09T00:00:00
108,13,5,117.77,2024-03-24T00:00:00
109,10,5,142.64,2024-02-14T00:00:00
110,23,2,147.81,2024-03-22T00:00:00
111,40,1,107.85,2024-06-03T00:00:00
112,38,2,134.6,2024-02-06T00:00:00
113,70,1,118.06,2024-06-08T00:00:00
114,87,5,126.9,2024-07-10T00:00:00
115,89,2,30.83,2024-04-20T00:00:00
116,69,2,12.04,2024-06-19T00:00:00
117,32,3,117.78,2024-06-23T00:00:00
118,58,4,84.64,2024-05-18T00:00:00
119,57,5,70.73,2024-04-11T00:00:00
120,44,2,42.41,2024-01-07T00:00:00
121,83,4,146.57,2024-01-05T00:00:00
122,8,3,89.11,2024-05-31T00:00:00
123,17,2,42.57,2024-03-11T00:00:00
124,51,5,63.16,2024-06-05T00:00:00
125,12,2,75.47,2024-02-15T00:00:00
126,68,3,77.63,2024-06-15T00:00:00
127,57,2,39.56,2024-05-06T00:00:00
128,88,4,143.7,2024-07-01T00:00:00
129,53,3,86.26,2024-07-05T00:00:00
130,84,3,145.99,2024-02-26T00:00:00
131,7,1,115.66,2024-06-14T00:00:00
132,48,2,79.19,2024-02-22T00:00:00
133,40,3,105.42,2024-05-21T00:00:00
134,48,2,106.69,2024-07-07T00:00:00
135,60,5,17.32,2024-02-01T00:00:00
136,78,5,87.83,2024-02-15T00:00:00
137,20,3,66.88,2024-05-25T00:00:00
138,93,1,76.78,2024-04-10T00:00:00
139,92,3,60.68,2024-02-12T00:00:00
140,70,1,81.01,2024-01-24T00:00:00
141,33,1,43.79,2024-01-22T00:00:00
142,18,5,127.08,2024-06-17T00:00:00
143,88,1,69.53,2024-03-02T00:00:00
144,49,4,62.6,2024-03-24T00:00:00
145,57,2,95.25,2024-05-04T00:00:00
146,28,1,67.53,2024-05-16T00:00:00
147,53,1,100.77,2024-03-12T00:00:00
148,32,4,113.69,2024-01-02T00:00:00
149,25,5,68.62,2024-01-06T00:00:00
150,4,5,40.12,2024-03-07T00:00:00
151,27,2,46.29,2024-05-18T00:00:00
152,26,3,50.11,2024-07-12T00:00:00
153,33,4,119.71,2024-02-13T00:00:00
154,70,3,76.17,2024-02-01T00:00:00
155,99,2,87.73,2024-04-08T00:00:00
156,27,3,122.53,2024-01-07T00:00:00
157,16,5,113.35,2024-05-19T00:00:00
158,38,2,15.9,2024-04-05T00:00:00
159,74,3,68.39,2024-06-22T00:00:00
160,46,5,51.93,2024-02-01T00:00:00
161,57,4,55.78,2024-05-18T00:00:00
162,52,3,118.55,2024-06-23T00:00:00
163,74,4,21.4,2024-04-06T00:00:00
164,49,2,85.75,2024-03-12T00:00:00
165,82,5,109.73,2024-07-08T00:00:00
166,94,5,33.84,2024-04-28T00:00:00
167,77,5,64.3,2024-07-09T00:00:00
168,92,3,106.92,2024-04-25T00:00:00
169,80,5,33.62,2024-05-14T00:00:00
170,1,4,89.01,2024-04-13T00:00:00
171,44,5,89.74,2024-07-06T00:00:00
172,90,1,76.44,2024-07-09T00:00:00
173,32,3,96.3,2024-04-14T00:00:00
174,93,2,96.89,2024-04-11T00:00:00
175,35,2,116.29,2024-07-17T00:00:00
176,78,1,55.67,2024-03-08T00:00:00
177,91,4,131.72,2024-05-19T00:00:00
178,39,2,72.0,2024-03-07T00:00:00
179,63,2,72.73,2024-01-12T00:00:00
180,35,5,19.3,2024-05-31T00:00:00
181,55,1,56.5,2024-06-17T00:00:00
182,57,1,28.8,2024-06-30T00:00:00
183,21,1,63.28,2024-06-25T00:00:00
184,36,5,49.14,2024-05-15T00:00:00
185,27,2,133.47,2024-03-09T00:00:00
186,9,1,106.38,2024-05-13T00:00:00
187,85,3,72.85,2024-05-22T00:00:00
188,95,1,29.44,2024-06-16T00:00:00
189,95,5,44.12,2024-06-05T00:00:00
190,95,2,61.92,2024-04-12T00:00:00
191,23,4,119.52,2024-06-05T00:00:00
192,43,2,42.52,2024-06-05T00:00:00
193,91,2,127.35,2024-01-08T00:00:00
194,80,4,50.9,2024-04-20T00:00:00
195,98,2,118.88,2024-02-18T00:00:00
196,10,2,131.3,2024-05-28T00:00:00
197,57,5,137.41,2024-07-05T00:00:00
198,19,5,142.09,2024-04-27T00:00:00
199,68,2,25.1,2024-02-05T00:00:00
200,92,4,57.36,2024-07-11T00:00:00
201,52,2,21.8,2024-02-22T00:00:00
202,92,3,14.89,2024-02-28T00:00:00
203,51,3,76.39,2024-01-26T00:00:00
204,24,1,13.02,2024-06-01T00:00:00
205,3,2,104.08,2024-05-06T00:00:00
206,91,5,123.16,2024-06-05T00:00:00
207,57,3,101.12,2024-03-11T00:00:00
208,16,5,105.43,2024-01-25T00:00:00
209,29,4,38.82,2024-04-25T00:00:00
210,49,2,146.15,2024-03-01T00:00:00
211,37,4,84.32,2024-04-09T00:00:00
212,28,4,108.67,2024-03-25T00:00:00
213,64,5,21.09,2024-02-24T00:00:00
214,11,1,7.23,2024-01-02T00:00:00
215,62,3,133.88,2024-05-28T00:00:00
216,37,2,62.99,2024-07-13T00:00:00
217,83,2,120.09,2024-01-08T00:00:00
218,2,4,26.05,2024-06-19T00:00:00
219,70,1,86.89,2024-03-06T00:00:00
220,17,1,72.12,2024-03-18T00:00:00
221,2,1,82.86,2024-05-14T00:00:00
222,17,1,140.34,2024-07-18T00:00:00
223,16,4,18.2,2024-01-08T00:00:00
224,64,2,112.97,2024-06-24T00:00:00
225,25,4,61.51,2024-06-10T00:00:00
226,35,3,98.03,2024-03-03T00:00:00
227,32,1,90.25,2024-05-31T00:00:00
228,23,3,67.13,2024-06-27T00:00:00
229,72,5,145.53,2024-03-31T00:00:00
230,71,4,83.02,2024-07-01T00:00:00
231,69,4,138.39,2024-01-18T00:00:00
232,92,3,112.78,2024-07-03T00:00:00
233,97,1,41.48,2024-01-25T00:00:00
234,20,1,138.2,2024-04-19T00:00:00
235,6,1,97.38,2024-05-11T00:00:00
236,61,5,58.69,2024-03-21T00:00:00
237,6,2,82.06,2024-04-23T00:00:00
238,86,2,134.83,2024-07-14T00:00:00
239,91,4,8.57,2024-05-14T00:00:00
240,35,1,41.25,2024-03-24T00:00:00
241,11,3,9.96,2024-04-08T00:00:00
242,8,3,50.41,2024-02-03T00:00:00
243,34,4,122.0,2024-06-22T00:00:00
244,39,1,66.6,2024-03-03T00:00:00
245,65,5,34.78,2024-03-27T00:00:00
246,66,4,143.66,2024-05-29T00:00:00
247,62,1,23.81,2024-04-24T00:00:00
248,68,5,109.31,2024-05-28T00:00:00
249,90,5,82.66,2024-03-15T00:00:00
250,96,2,34.0,2024-04-09T00:00:00
251,67,3,19.12,2024-03-29T00:00:00
252,17,5,14.41,2024-03-17T00:00:00
253,84,5,50.48,2024-03-17T00:00:00
254,41,3,44.54,2024-07-10T00:00:00
255,96,5,77.65,2024-05-14T00:00:00
256,16,2,50.98,2024-07-05T00:00:00
257,42,3,88.1,2024-04-25T00:00:00
258,36,4,70.85,2024-04-03T00:00:00
259,95,4,123.27,2024-01-21T00:00:00
260,75,1,24.51,2024-05-14T00:00:00
261,63,5,128.7,2024-03-05T00:00:00
262,32,5,113.26,2024-04-02T00:00:00
263,83,3,63.37,2024-04-28T00:00:00
264,77,3,82.16,2024-02-12T00:00:00
265,4,2,41.27,2024-02-26T00:00:00
266,73,2,136.49,2024-02-17T00:00:00
267,99,4,141.18,2024-06-07T00:00:00
268,7,1,146.9,2024-06-23T00:00:00
269,35,1,34.63,2024-01-18T00:00:00
270,81,5,81.32,2024-01-21T00:00:00
271,10,2,98.27,2024-02-14T00:00:00
272,66,4,8.17,2024-04-04T00:00:00
273,63,3,36.89,2024-02-21T00:00:00
274,77,4,130.5,2024-03-01T00:00:00
275,55,4,102.96,2024-05-19T00:00:00
276,25,4,110.24,2024-03-06T00:00:00
277,53,2,6.2,2024-05-16T00:00:00
278,99,4,79.57,2024-05-04T00:00:00
279,10,4,94.3,2024-05-10T00:00:00
280,75,5,66.71,2024-03-31T00:00:00
281,59,1,32.52,2024-03-17T00:00:00
282,90,1,83.41,2024-03-18T00:00:00
283,66,3,145.76,2024-05-19T00:00:00
284,83,5,149.1,2024-03-13T00:00:00
285,68,4,83.6,2024-05-12T00:00:00
286,53,5,96.34,2024-03-19T00:00:00
287,58,3,23.99,2024-04-23T00:00:00
288,76,2,84.75,2024-02-11T00:00:00
289,33,1,149.21,2024-07-07T00:00:00
290,85,5,10.26,2024-04-17T00:00:00
291,52,3,140.8,2024-07-11T00:00:00
292,86,1,135.32,2024-01-24T00:00:00
293,1,4,43.99,2024-03-10T00:00:00
294,48,4,116.45,2024-04-09T00:00:00
295,59,1,75.14,2024-02-07T00:00:00
296,54,2,7.63,2024-02-14T00:00:00
297,34,3,129.39,2024-05-30T00:00:00
298,37,4,42.4,2024-05-11T00:00:00
299,37,4,105.24,2024-04-20T00:00:00
300,43,4,36.24,2024-05-05T00:00:00
301,52,4,18.25,2024-02-03T00:00:00
302,27,2,38.24,2024-01-07T00:00:00
303,14,3,27.58,2024-07-17T00:00:00
304,13,4,99.2,2024-02-17T00:00:00
305,1,1,67.01,2024-01-14T00:00:00
306,71,2,82.5,2024-03-29T00:00:00
307,7,1,111.51,2024-06-22T00:00:00
308,54,1,149.29,2024-06-24T00:00:00
309,36,2,74.56,2024-06-29T00:00:00
310,7,2,103.14,2024-01-23T00:00:00
311,50,1,101.96,2024-03-16T00:00:00
312,88,5,77.2,2024-04-10T00:00:00
313,15,5,128.81,2024-01-28T00:00:00
314,20,4,93.98,2024-06-28T00:00:00
315,26,2,80.51,2024-04-16T00:00:00
316,96,5,46.85,2024-05-06T00:00:00
317,82,5,137.39,2024-07-13T00:00:00
318,80,3,129.85,2024-01-27T00:00:00
319,2,3,139.24,2024-06-30T00:00:00
320,35,1,83.38,2024-04-22T00:00:00
321,39,1,38.14,2024-03-11T00:00:00
322,35,2,64.69,2024-02-03T00:00:00
323,33,2,64.12,2024-06-10T00:00:00
324,77,1,82.25,2024-06-04T00:00:00
325,66,2,142.15,2024-03-10T00:00:00
326,36,4,105.84,2024-03-09T00:00:00
327,63,2,77.32,2024-06-02T00:00:00
328,61,2,54.07,2024-06-04T00:00:00
329,98,2,112.19,2024-05-28T00:00:00
330,89,4,82.54,2024-01-15T00:00:00
331,65,3,81.63,2024-02-04T00:00:00
332,83,2,50.73,2024-05-06T00:00:00
333,62,3,22.17,2024-02-05T00:00:00
334,90,3,37.63,2024-06-11T00:00:00
335,69,1,86.65,2024-06-24T00:00:00
336,15,2,86.67,2024-05-08T00:00:00
337,73,3,66.23,2024-01-02T00:00:00
338,100,1,124.15,2024-06-06T00:00:00
339,29,1,112.74,2024-03-12T00:00:00
340,88,3,44.02,2024-07-03T00:00:00
341,67,4,8.35,2024-03-25T00:00:00
342,45,2,21.44,2024-07-16T00:00:00
343,19,5,10.95,2024-01-20T00:00:00
344,12,1,48.5,2024-03-04T00:00:00
345,35,5,12.22,2024-01-08T00:00:00
346,11,2,139.24,2024-04-05T00:00:00
347,93,2,18.61,2024-03-25T00:00:00
348,36,1,79.71,2024-03-23T00:00:00
349,15,3,138.88,2024-06-13T00:00:00
350,93,2,92.89,2024-03-10T00:00:00
351,52,1,103.46,2024-06-07T00:00:00
352,93,5,73.96,2024-04-17T00:00:00
353,69,4,48.66,2024-02-26T00:00:00
354,81,3,84.62,2024-01-14T00:00:00
355,77,5,20.93,2024-03-02T00:00:00
356,28,4,44.8,2024-01-06T00:00:00
357,33,5,44.29,2024-05-15T00:00:00
358,34,4,23.28,2024-06-30T00:00:00
359,14,3,15.02,2024-05-19T00:00:00
360,47,5,85.55,2024-07-04T00:00:00
361,65,5,9.41,2024-03-19T00:00:00
362,58,2,27.59,2024-05-28T00:00:00
363,19,2,75.19,2024-07-15T00:00:00
364,43,3,133.85,2024-02-10T00:00:00
365,20,4,125.8,2024-04-13T00:00:00
366,16,5,26.05,2024-03-16T00:00:00
367,86,5,143.2,2024-05-17T00:00:00
368,2,2,60.03,2024-05-23T00:00:00
369,13,4,9.4,2024-04-20T00:00:00
370,77,4,45.03,2024-04-04T00:00:00
371,53,4,92.84,2024-01-14T00:00:00
372,13,4,117.98,2024-06-14T00:00:00
373,91,1,122.77,2024-01-29T00:00:00
374,76,2,81.91,2024-07-14T00:00:00
375,46,5,44.28,2024-05-25T00:00:00
376,84,3,121.3,2024-06-27T00:00:00
377,32,5,39.77,2024-05-23T00:00:00
378,46,2,21.88,2024-01-11T00:00:00
379,91,3,66.25,2024-07-05T00:00:00
380,45,3,100.35,2024-07-16T00:00:00
381,8,5,68.06,2024-04-06T00:00:00
382,46,3,114.32,2024-03-28T00:00:00
383,57,2,97.07,2024-05-12T00:00:00
384,19,1,54.52,2024-01-30T00:00:00
385,66,2,83.74,2024-06-09T00:00:00
386,63,3,114.83,2024-02-01T00:00:00
387,75,1,74.64,2024-02-23T00:00:00
388,50,2,62.6,2024-02-28T00:00:00
389,13,2,53.66,2024-03-25T00:00:00
390,85,2,118.76,2024-04-28T00:00:00
391,96,4,58.58,2024-06-15T00:00:00
392,99,2,67.64,2024-04-12T00:00:00
393,70,1,87.86,2024-03-09T00:00:00
394,17,2,6.73,2024-04-16T00:00:00
395,14,1,99.6,2024-02-16T00:00:00
396,59,4,101.75,2024-03-14T00:00:00
397,20,2,145.95,2024-01-28T00:00:00
398,33,1,72.34,2024-06-11T00:00:00
399,91,2,82.97,2024-04-10T00:00:00
400,1,5,121.56,2024-04-18T00:00:00
401,21,2,54.66,2024-03-02T00:00:00
402,10,5,140.64,2024-02-11T00:00:00
403,23,4,89.88,2024-05-11T00:00:00
404,28,4,39.17,2024-01-11T00:00:00
405,67,2,106.54,2024-06-25T00:00:00
406,79,5,16.2,2024-04-11T00:00:00
407,100,4,22.27,2024-06-13T00:00:00
408,7,4,18.0,2024-01-25T00:00:00
409,83,4,11.52,2024-05-12T00:00:00
410,31,1,8.02,2024-03-20T00:00:00
411,60,3,109.83,2024-02-12T00:00:00
412,77,2,147.99,2024-06-30T00:00:00
413,41,5,97.29,2024-05-08T00:00:00
414,54,5,29.3,2024-04-11T00:00:00
415,90,4,122.21,2024-05-06T00:00:00
416,36,3,139.59,2024-03-07T00:00:00
417,73,3,127.5,2024-07-18T00:00:00
418,93,5,17.13,2024-04-02T00:00:00
419,44,2,42.48,2024-03-05T00:00:00
420,45,4,45.47,2024-04-29T00:00:00
421,2,2,143.31,2024-03-05T00:00:00
422,29,2,15.22,2024-05-28T00:00:00
423,69,5,33.77,2024-04-19T00:00:00
424,92,2,88.75,2024-05-21T00:00:00
425,59,4,108.17,2024-01-22T00:00:00
426,81,1,27.2,2024-06-19T00:00:00
427,8,1,113.22,2024-04-07T00:00:00
428,54,2,90.7,2024-02-03T00:00:00
429,87,5,84.22,2024-03-02T00:00:00
430,49,2,46.42,2024-06-18T00:00:00
431,93,4,56.74,2024-02-15T00:00:00
432,29,3,107.85,2024-03-30T00:00:00
433,63,5,47.31,2024-05-11T00:00:00
434,39,2,107.28,2024-01-06T00:00:00
435,38,5,90.93,2024-06-06T00:00:00
436,48,4,41.96,2024-01-15T00:00:00
437,7,3,28.19,2024-02-03T00:00:00
438,81,1,21.32,2024-04-21T00:00:00
439,82,5,40.66,2024-02-23T00:00:00
440,65,5,62.54,2024-06-30T00:00:00
441,28,4,100.82,2024-05-12T00:00:00
442,18,5,41.92,2024-01-01T00:00:00
443,92,1,122.25,2024-07-14T00:00:00
444,73,4,101.14,2024-05-19T00:00:00
445,79,2,43.81,2024-06-12T00:00:00
446,22,5,77.92,2024-04-15T00:00:00
447,36,4,62.79,2024-05-06T00:00:00
448,13,2,32.06,2024-01-05T00:00:00
449,59,1,75.83,2024-04-10T00:00:00
450,94,5,124.24,2024-03-27T00:00:00
451,32,1,16.18,2024-07-10T00:00:00
452,6,4,125.9,2024-02-18T00:00:00
453,23,5,77.79,2024-05-10T00:00:00
454,50,5,57.28,2024-02-29T00:00:00
455,47,5,147.31,2024-07-17T00:00:00
456,9,3,136.35,2024-04-27T00:00:00
457,6,5,30.63,2024-02-07T00:00:00
458,37,4,11.24,2024-05-08T00:00:00
459,9,5,62.46,2024-04-12T00:00:00
460,66,5,98.69,2024-04-10T00:00:00
461,35,3,73.24,2024-01-13T00:00:00
462,71,4,7.53,2024-03-18T00:00:00
463,76,3,120.31,2024-06-01T00:00:00
464,76,5,128.39,2024-03-12T00:00:00
465,9,5,119.13,2024-07-17T00:00:00
466,47,4,61.7,2024-05-13T00:00:00
467,4,5,89.35,2024-01-10T00:00:00
468,74,5,7.09,2024-03-26T00:00:00
469,44,3,113.79,2024-01-09T00:00:00
470,82,3,89.5,2024-05-04T00:00:00
471,82,1,127.84,2024-04-24T00:00:00
472,43,5,138.27,2024-05-19T00:00:00
473,1,2,136.93,2024-04-02T00:00:00
474,28,2,134.92,2024-02-07T00:00:00
475,76,1,63.58,2024-05-10T00:00:00
476,54,3,149.37,2024-03-07T00:00:00
477,78,3,10.45,2024-01-17T00:00:00
478,99,2,123.88,2024-03-08T00:00:00
479,97,4,84.81,2024-05-26T00:00:00
480,80,1,15.86,2024-02-13T00:00:00
481,35,4,17.08,2024-03-13T00:00:00
482,71,3,39.05,2024-01-26T00:00:00
483,36,4,11.83,2024-05-11T00:00:00
484,39,2,124.19,2024-01-20T00:00:00
485,71,3,54.25,2024-03-16T00:00:00
486,67,2,10.11,2024-04-03T00:00:00
487,96,1,9.16,2024-03-21T00:00:00
488,54,2,133.6,2024-01-11T00:00:00
489,91,5,106.8,2024-06-10T00:00:00
490,68,4,31.73,2024-02-20T00:00:00
491,30,1,90.18,2024-05-30T00:00:00
492,65,1,109.62,2024-04-27T00:00:00
493,26,1,57.39,2024-04-26T00:00:00
494,43,5,109.87,2024-02-26T00:00:00
495,82,1,7.02,2024-05-05T00:00:00
496,5,2,41.73,2024-05-21T00:00:00
497,6,1,38.36,2024-01-22T00:00:00
498,68,2,10.09,2024-05-15T00:00:00
499,26,2,69.23,2024-03-03T00:00:00
500,63,5,58.85,2024-04-10T00:00:00
501,84,1,33.31,2024-02-16T00:00:00
502,25,5,48.06,2024-05-28T00:00:00
503,55,5,73.73,2024-01-06T00:00:00
504,63,1,139.86,2024-06-17T00:00:00
505,81,5,101.36,2024-04-20T00:00:00
506,91,5,54.82,2024-01-19T00:00:00
507,83,4,33.32,2024-05-11T00:00:00
508,64,5,86.72,2024-05-20T00:00:00
509,65,4,92.0,2024-07-08T00:00:00
510,74,4,92.54,2024-02-12T00:00:00
511,35,5,48.72,2024-07-14T00:00:00
512,51,5,83.26,2024-03-06T00:00:00
513,40,1,92.67,2024-01-12T00:00:00
514,59,4,134.33,2024-02-29T00:00:00
515,66,4,35.33,2024-05-01T00:00:00
516,43,2,60.66,2024-04-21T00:00:00
517,7,1,56.67,2024-07-19T00:00:00
518,2,3,113.96,2024-07-08T00:00:00
519,7,3,59.92,2024-03-24T00:00:00
520,44,3,90.43,2024-01-13T00:00:00
521,27,1,52.65,2024-06-20T00:00:00
522,83,1,23.61,2024-06-25T00:00:00
523,38,4,93.08,2024-02-29T00:00:00
524,4,2,114.55,2024-07-12T00:00:00
525,65,5,97.91,2024-03-18T00:00:00
526,38,4,65.96,2024-05-14T00:00:00
527,60,1,141.34,2024-04-14T00:00:00
528,30,5,11.12,2024-03-02T00:00:00
529,81,2,40.31,2024-04-11T00:00:00
530,49,2,95.17,2024-07-03T00:00:00
531,39,3,5.21,2024-06-29T00:00:00
532,88,3,69.42,2024-02-13T00:00:00
533,87,2,9.52,2024-04-04T00:00:00
534,56,5,54.57,2024-05-11T00:00:00
535,63,3,141.16,2024-01-29T00:00:00
536,75,3,122.51,2024-06-18T00:00:00
537,36,4,6.64,2024-03-20T00:00:00
538,97,1,97.61,2024-01-30T00:00:00
539,65,2,131.18,2024-07-10T00:00:00
540,83,3,68.33,2024-07-19T00:00:00
541,30,1,19.86,2024-05-11T00:00:00
542,66,5,28.64,2024-03-15T00:00:00
543,7,1,36.65,2024-06-21T00:00:00
544,8,4,111.1,2024-01-06T00:00:00
545,9,1,6.3,2024-05-17T00:00:00
546,44,3,118.85,2024-06-05T00:00:00
547,2,5,35.65,2024-02-21T00:00:00
548,35,3,89.35,2024-05-13T00:00:00
549,33,2,31.49,2024-04-10T00:00:00
550,8,2,145.68,2024-06-28T00:00:00
551,58,1,53.05,2024-04-14T00:00:00
552,16,1,86.57,2024-05-09T00:00:00
553,82,1,115.42,2024-02-25T00:00:00
554,29,2,49.11,2024-01-26T00:00:00
555,8,3,132.32,2024-02-07T00:00:00
556,9,4,26.76,2024-01-12T00:00:00
557,96,3,144.46,2024-01-15T00:00:00
558,76,1,69.17,2024-02-28T00:00:00
559,86,2,22.28,2024-02-21T00:00:00
560,7,1,17.68,2024-07-09T00:00:00
561,29,3,108.54,2024-05-14T00:00:00
562,55,2,109.78,2024-07-04T00:00:00
563,33,2,52.24,2024-04-01T00:00:00
564,59,5,60.46,2024-06-22T00:00:00
565,50,1,66.78,2024-03-03T00:00:00
566,63,3,137.07,2024-06-03T00:00:00
567,84,1,39.76,2024-07-16T00:00:00
568,56,3,82.18,2024-03-26T00:00:00
569,97,3,64.34,2024-04-03T00:00:00
570,46,3,62.43,2024-04-30T00:00:00
571,66,1,58.69,2024-03-18T00:00:00
572,22,3,87.19,2024-05-20T00:00:00
573,92,2,29.2,2024-06-14T00:00:00
574,81,2,24.6,2024-01-21T00:00:00
575,79,3,39.14,2024-06-14T00:00:00
576,41,2,45.21,2024-05-01T00:00:00
577,40,1,67.11,2024-05-20T00:00:00
578,46,4,137.87,2024-02-09T00:00:00
579,88,3,15.03,2024-02-17T00:00:00
580,62,5,10.07,2024-01-12T00:00:00
581,93,2,99.17,2024-07-07T00:00:00
582,47,5,140.49,2024-03-31T00:00:00
583,65,3,54.6,2024-01-31T00:00:00
584,24,4,9.73,2024-03-10T00:00:00
585,79,2,14.04,2024-03-18T00:00:00
586,42,5,63.43,2024-04-02T00:00:00
587,99,1,38.6,2024-03-15T00:00:00
588,90,5,5.99,2024-01-25T00:00:00
589,18,2,58.49,2024-03-09T00:00:00
590,19,2,38.07,2024-03-20T00:00:00
591,74,5,78.84,2024-05-18T00:00:00
592,77,5,119.44,2024-04-22T00:00:00
593,75,5,73.87,2024-05-11T00:00:00
594,46,2,67.8,2024-01-19T00:00:00
595,36,2,38.2,2024-02-06T00:00:00
596,18,2,8.07,2024-05-04T00:00:00
597,47,2,12.15,2024-04-02T00:00:00
598,11,5,39.41,2024-06-27T00:00:00
599,28,1,68.98,2024-06-16T00:00:00
600,26,5,54.65,2024-05-27T00:00:00
601,89,1,36.55,2024-05-02T00:00:00
602,71,1,135.68,2024-04-03T00:00:00
603,64,5,55.68,2024-05-04T00:00:00
604,9,5,51.23,2024-07-08T00:00:00
605,73,3,92.74,2024-07-19T00:00:00
606,74,1,74.73,2024-04-16T00:00:00
607,10,3,14.13,2024-06-17T00:00:00
608,83,3,7.76,2024-02-16T00:00:00
609,42,2,50.39,2024-03-05T00:00:00
610,40,4,65.31,2024-01-04T00:00:00
611,38,2,96.89,2024-01-13T00:00:00
612,15,4,67.44,2024-06-05T00:00:00
613,28,3,56.69,2024-06-16T00:00:00
614,93,5,76.65,2024-03-13T00:00:00
615,78,3,102.93,2024-03-23T00:00:00
616,19,3,18.72,2024-04-01T00:00:00
617,67,5,105.98,2024-02-19T00:00:00
618,51,4,26.76,2024-05-03T00:00:00
619,90,2,10.47,2024-06-12T00:00:00
620,32,1,112.46,2024-01-10T00:00:00
621,67,5,73.39,2024-05-03T00:00:00
622,90,3,137.97,2024-02-13T00:00:00
623,73,4,62.66,2024-04-08T00:00:00
624,71,5,125.45,2024-04-25T00:00:00
625,22,5,90.36,2024-01-14T00:00:00
626,93,3,124.13,2024-04-22T00:00:00
627,31,5,49.02,2024-01-23T00:00:00
628,57,3,33.31,2024-02-04T00:00:00
629,57,1,143.36,2024-05-25T00:00:00
630,44,2,87.47,2024-05-02T00:00:00
631,2,5,38.93,2024-06-05T00:00:00
632,8,4,99.89,2024-05-10T00:00:00
633,27,4,149.07,2024-02-01T00:00:00
634,41,3,25.06,2024-02-13T00:00:00
635,43,2,31.17,2024-07-08T00:00:00
636,80,5,49.68,2024-05-21T00:00:00
637,91,4,72.87,2024-05-10T00:00:00
638,71,3,29.62,2024-06-06T00:00:00
639,65,3,90.85,2024-02-22T00:00:00
640,37,2,103.92,2024-03-28T00:00:00
641,16,4,60.1,2024-06-16T00:00:00
642,66,2,94.63,2024-04-22T00:00:00
643,58,5,69.14,2024-02-22T00:00:00
644,7,1,109.69,2024-01-25T00:00:00
645,69,4,24.91,2024-04-11T00:00:00
646,24,4,70.1,2024-05-31T00:00:00
647,5,5,33.12,2024-05-31T00:00:00
648,58,4,61.51,2024-03-30T00:00:00
649,100,2,127.08,2024-03-10T00:00:00
650,24,1,85.68,2024-06-20T00:00:00
651,9,5,38.32,2024-03-22T00:00:00
652,57,3,133.88,2024-01-27T00:00:00
653,50,1,113.34,2024-03-12T00:00:00
654,53,4,53.04,2024-01-25T00:00:00
655,22,4,83.45,2024-04-19T00:00:00
656,79,4,78.3,2024-03-22T00:00:00
657,19,3,145.83,2024-06-05T00:00:00
658,25,2,119.13,2024-02-25T00:00:00
659,59,2,19.99,2024-01-27T00:00:00
660,55,1,70.77,2024-04-05T00:00:00
661,72,3,140.96,2024-04-11T00:00:00
662,2,4,75.63,2024-04-24T00:00:00
663,39,3,98.32,2024-04-09T00:00:00
664,41,3,30.25,2024-05-05T00:00:00
665,24,4,27.23,2024-01-28T00:00:00
666,69,1,82.74,2024-03-21T00:00:00
667,64,5,140.55,2024-03-28T00:00:00
668,93,5,51.37,2024-05-31T00:00:00
669,60,3,75.24,2024-04-10T00:00:00
670,69,2,29.08,2024-05-17T00:00:00
671,26,5,140.35,2024-01-14T00:00:00
672,100,3,136.27,2024-07-13T00:00:00
673,8,3,65.86,2024-01-08T00:00:00
674,45,3,57.43,2024-06-01T00:00:00
675,85,4,35.32,2024-03-14T00:00:00
676,29,3,62.63,2024-06-27T00:00:00
677,50,2,6.22,2024-06-15T00:00:00
678,45,5,118.63,2024-06-06T00:00:00
679,29,2,14.55,2024-06-05T00:00:00
680,41,4,34.55,2024-03-16T00:00:00
681,13,4,5.57,2024-03-30T00:00:00
682,12,4,143.04,2024-01-29T00:00:00
683,69,2,114.25,2024-02-06T00:00:00
684,49,4,52.2,2024-06-12T00:00:00
685,90,5,146.13,2024-02-23T00:00:00
686,25,2,28.89,2024-05-17T00:00:00
687,21,2,22.38,2024-05-29T00:00:00
688,67,2,67.54,2024-03-26T00:00:00
689,78,3,91.23,2024-01-06T00:00:00
690,46,2,37.81,2024-06-26T00:00:00
691,64,5,75.86,2024-06-15T00:00:00
692,12,2,82.27,2024-05-24T00:00:00
693,19,2,57.27,2024-02-05T00:00:00
694,36,3,147.56,2024-04-08T00:00:00
695,61,1,81.71,2024-02-20T00:00:00
696,93,2,34.89,2024-01-02T00:00:00
697,93,3,11.11,2024-05-12T00:00:00
698,25,1,120.61,2024-07-16T00:00:00
699,15,4,53.12,2024-04-24T00:00:00
700,92,5,80.8,2024-06-15T00:00:00
701,62,3,25.69,2024-04-05T00:00:00
702,83,3,140.2,2024-04-08T00:00:00
703,53,4,58.37,2024-05-20T00:00:00
704,27,2,14.47,2024-03-01T00:00:00
705,31,1,39.95,2024-04-10T00:00:00
706,59,5,68.91,2024-01-25T00:00:00
707,7,2,123.19,2024-05-14T00:00:00
708,1,1,67.38,2024-03-12T00:00:00
709,54,2,129.67,2024-06-26T00:00:00
710,99,3,136.34,2024-07-18T00:00:00
711,44,5,113.39,2024-05-09T00:00:00
712,59,2,104.87,2024-05-13T00:00:00
713,47,5,13.71,2024-01-31T00:00:00
714,32,1,68.33,2024-02-08T00:00:00
715,3,3,23.84,2024-03-14T00:00:00
716,4,4,97.49,2024-05-03T00:00:00
717,9,5,67.5,2024-04-30T00:00:00
718,70,5,77.69,2024-02-02T00:00:00
719,69,4,98.26,2024-05-19T00:00:00
720,53,2,137.21,2024-05-13T00:00:00
721,49,4,125.72,2024-03-22T00:00:00
722,57,1,14.75,2024-05-31T00:00:00
723,79,3,20.13,2024-03-31T00:00:00
724,14,2,21.11,2024-06-16T00:00:00
725,76,1,5.52,2024-04-20T00:00:00
726,31,1,49.57,2024-06-05T00:00:00
727,8,5,67.21,2024-03-17T00:00:00
728,51,1,102.17,2024-01-08T00:00:00
729,36,5,74.36,2024-02-26T00:00:00
730,35,3,117.3,2024-05-02T00:00:00
731,57,5,12.94,2024-05-11T00:00:00
732,23,4,71.05,2024-05-29T00:00:00
733,76,2,51.54,2024-06-17T00:00:00
734,51,4,148.36,2024-05-23T00:00:00
735,77,4,74.22,2024-06-10T00:00:00
736,29,3,7.48,2024-02-07T00:00:00
737,64,1,124.92,2024-03-07T00:00:00
738,40,5,132.49,2024-02-05T00:00:00
739,14,5,149.68,2024-04-26T00:00:00
740,5,4,73.1,2024-05-25T00:00:00
741,42,5,58.84,2024-07-01T00:00:00
742,2,5,34.22,2024-03-09T00:00:00
743,80,1,118.83,2024-03-13T00:00:00
744,2,3,110.11,2024-05-08T00:00:00
745,89,1,87.03,2024-01-29T00:00:00
746,13,3,92.79,2024-06-12T00:00:00
747,90,5,139.54,2024-04-24T00:00:00
748,12,5,77.26,2024-03-28T00:00:00
749,76,1,32.25,2024-01-15T00:00:00
750,79,1,121.92,2024-01-31T00:00:00
751,72,5,49.24,2024-07-19T00:00:00
752,26,2,82.33,2024-02-28T00:00:00
753,28,1,78.04,2024-06-25T00:00:00
754,73,4,43.69,2024-02-04T00:00:00
755,37,5,122.78,2024-01-18T00:00:00
756,77,3,13.24,2024-01-06T00:00:00
757,56,5,144.94,2024-05-01T00:00:00
758,55,4,126.87,2024-01-18T00:00:00
759,24,2,116.33,2024-01-09T00:00:00
760,82,4,143.24,2024-04-16T00:00:00
761,46,3,79.19,2024-02-07T00:00:00
762,23,2,38.27,2024-01-16T00:00:00
763,47,1,130.81,2024-03-23T00:00:00
764,28,2,42.37,2024-06-25T00:00:00
765,91,5,60.31,2024-05-02T00:00:00
766,88,5,5.27,2024-03-20T00:00:00
767,34,3,149.43,2024-02-23T00:00:00
768,17,4,101.09,2024-07-15T00:00:00
769,49,4,82.62,2024-01-07T00:00:00
770,17,2,129.29,2024-06-14T00:00:00
771,13,3,106.69,2024-04-21T00:00:00
772,26,5,53.42,2024-03-04T00:00:00
773,32,4,88.37,2024-02-15T00:00:00
774,64,3,107.49,2024-06-01T00:00:00
775,82,5,67.81,2024-05-21T00:00:00
776,54,1,95.72,2024-02-06T00:00:00
777,55,2,13.79,2024-04-09T00:00:00
778,79,4,97.59,2024-02-21T00:00:00
779,77,3,74.42,2024-04-18T00:00:00
780,34,5,125.33,2024-01-28T00:00:00
781,42,2,86.38,2024-05-17T00:00:00
782,34,1,86.42,2024-07-06T00:00:00
783,13,3,70.86,2024-07-11T00:00:00
784,13,3,25.15,2024-01-22T00:00:00
785,53,4,9.04,2024-05-29T00:00:00
786,93,2,117.4,2024-05-23T00:00:00
787,51,4,121.23,2024-07-16T00:00:00
788,30,5,9.08,2024-01-16T00:00:00
789,53,5,17.19,2024-06-21T00:00:00
790,6,4,17.15,2024-06-05T00:00:00
791,6,3,116.56,2024-01-18T00:00:00
792,10,1,89.78,2024-03-31T00:00:00
793,40,1,82.93,2024-06-07T00:00:00
794,46,3,129.15,2024-02-13T00:00:00
795,81,3,132.12,2024-03-04T00:00:00
796,42,5,38.74,2024-03-04T00:00:00
797,82,2,50.06,2024-03-19T00:00:00
798,69,3,108.53,2024-05-30T00:00:00
799,1,4,41.64,2024-06-17T00:00:00
800,30,2,145.98,2024-02-11T00:00:00
801,11,3,62.81,2024-02-05T00:00:00
802,22,5,144.92,2024-06-08T00:00:00
803,10,3,60.98,2024-06-29T00:00:00
804,28,2,10.61,2024-02-25T00:00:00
805,52,1,106.6,2024-03-20T00:00:00
806,99,2,109.61,2024-03-15T00:00:00
807,66,4,53.79,2024-01-18T00:00:00
808,10,2,22.37,2024-04-28T00:00:00
809,92,5,71.46,2024-06-02T00:00:00
810,22,4,67.74,2024-01-29T00:00:00
811,25,1,40.29,2024-02-24T00:00:00
812,67,5,47.65,2024-03-19T00:00:00
813,34,3,43.52,2024-01-13T00:00:00
814,4,1,95.9,2024-04-22T00:00:00
815,6,2,16.15,2024-04-25T00:00:00
816,85,3,21.58,2024-06-21T00:00:00
817,15,2,9.37,2024-06-11T00:00:00
818,18,5,91.45,2024-06-20T00:00:00
819,4,4,146.8,2024-01-08T00:00:00
820,72,2,125.45,2024-02-14T00:00:00
821,69,1,37.48,2024-01-17T00:00:00
822,3,2,51.45,2024-05-27T00:00:00
823,11,5,83.18,2024-02-19T00:00:00
824,51,1,83.85,2024-03-31T00:00:00
825,34,5,60.89,2024-04-13T00:00:00
826,68,5,82.33,2024-03-12T00:00:00
827,12,2,115.17,2024-05-24T00:00:00
828,51,2,135.75,2024-02-23T00:00:00
829,68,1,79.99,2024-03-22T00:00:00
830,19,2,51.21,2024-01-11T00:00:00
831,53,5,73.84,2024-05-08T00:00:00
832,9,1,24.01,2024-04-15T00:00:00
833,70,4,83.92,2024-05-31T00:00:00
834,6,2,33.17,2024-06-29T00:00:00
835,49,3,136.89,2024-01-06T00:00:00
836,73,3,32.65,2024-05-13T00:00:00
837,95,5,133.62,2024-02-28T00:00:00
838,12,2,74.66,2024-01-14T00:00:00
839,85,4,133.86,2024-01-04T00:00:00
840,20,1,126.61,2024-01-11T00:00:00
841,91,5,67.36,2024-02-14T00:00:00
842,28,5,72.95,2024-06-18T00:00:00
843,14,4,131.57,2024-01-17T00:00:00
844,17,3,78.38,2024-05-06T00:00:00
845,66,3,67.74,2024-05-29T00:00:00
846,32,4,42.68,2024-04-13T00:00:00
847,46,4,149.01,2024-05-24T00:00:00
848,30,4,135.82,2024-01-28T00:00:00
849,24,5,96.35,2024-03-29T00:00:00
850,10,1,65.83,2024-05-30T00:00:00
851,64,1,146.84,2024-04-27T00:00:00
852,15,2,70.93,2024-05-11T00:00:00
853,12,3,103.13,2024-03-11T00:00:00
854,76,5,116.27,2024-03-26T00:00:00
855,17,5,29.23,2024-06-24T00:00:00
856,40,4,110.78,2024-05-05T00:00:00
857,96,4,9.02,2024-05-08T00:00:00
858,33,1,46.58,2024-01-07T00:00:00
859,73,1,52.07,2024-05-11T00:00:00
860,85,2,36.74,2024-07-08T00:00:00
861,11,2,71.05,2024-04-12T00:00:00
862,82,4,130.53,2024-06-22T00:00:00
863,61,1,86.59,2024-05-24T00:00:00
864,11,1,13.58,2024-03-12T00:00:00
865,5,3,50.09,2024-05-17T00:00:00
866,62,5,109.04,2024-03-27T00:00:00
867,3,4,131.71,2024-03-01T00:00:00
868,29,3,111.58,2024-07-01T00:00:00
869,8,1,68.87,2024-02-20T00:00:00
870,51,2,149.04,2024-02-29T00:00:00
871,11,4,10.92,2024-03-22T00:00:00
872,1,4,83.07,2024-06-07T00:00:00
873,68,2,10.54,2024-04-18T00:00:00
874,29,3,102.64,2024-04-22T00:00:00
875,25,1,92.76,2024-07-02T00:00:00
876,49,4,62.77,2024-04-19T00:00:00
877,35,4,53.86,2024-01-07T00:00:00
878,11,4,125.66,2024-07-10T00:00:00
879,54,2,135.11,2024-02-11T00:00:00
880,70,5,117.74,2024-07-05T00:00:00
881,65,5,29.93,2024-04-15T00:00:00
882,96,4,46.41,2024-03-29T00:00:00
883,91,4,131.17,2024-05-21T00:00:00
884,49,3,39.82,2024-05-18T00:00:00
885,70,5,37.7,2024-01-06T00:00:00
886,85,1,43.18,2024-04-09T00:00:00
887,21,3,149.46,2024-05-30T00:00:00
888,33,4,7.28,2024-05-03T00:00:00
889,15,2,27.05,2024-04-08T00:00:00
890,8,2,14.88,2024-04-29T00:00:00
891,71,4,118.87,2024-01-15T00:00:00
892,35,1,81.75,2024-07-08T00:00:00
893,83,2,56.58,2024-04-22T00:00:00
894,15,3,135.3,2024-04-07T00:00:00
895,84,4,47.06,2024-02-28T00:00:00
896,93,4,86.35,2024-04-19T00:00:00
897,56,4,90.13,2024-02-17T00:00:00
898,20,1,52.9,2024-03-31T00:00:00
899,49,1,96.52,2024-03-22T00:00:00
900,74,2,26.07,2024-07-03T00:00:00
901,81,1,82.06,2024-05-02T00:00:00
902,91,2,56.98,2024-05-15T00:00:00
903,81,2,117.09,2024-03-17T00:00:00
904,22,2,98.78,2024-04-18T00:00:00
905,63,3,107.07,2024-01-09T00:00:00
906,69,1,8.53,2024-03-04T00:00:00
907,20,2,136.9,2024-04-23T00:00:00
908,66,5,44.55,2024-06-01T00:00:00
909,44,4,135.55,2024-01-21T00:00:00
910,76,5,12.95,2024-02-05T00:00:00
911,72,4,142.42,2024-01-24T00:00:00
912,2,1,8.49,2024-03-12T00:00:00
913,25,4,63.33,2024-05-18T00:00:00
914,66,3,106.24,2024-06-23T00:00:00
915,34,5,60.72,2024-01-27T00:00:00
916,91,4,72.19,2024-01-19T00:00:00
917,94,3,24.49,2024-06-03T00:00:00
918,4,4,97.41,2024-03-15T00:00:00
919,45,1,105.7,2024-04-22T00:00:00
920,41,5,6.45,2024-05-16T00:00:00
921,41,4,105.68,2024-07-13T00:00:00
922,94,1,89.65,2024-06-23T00:00:00
923,58,1,66.41,2024-07-07T00:00:00
924,16,5,149.19,2024-01-05T00:00:00
925,2,5,91.37,2024-07-14T00:00:00
926,45,2,63.65,2024-01-11T00:00:00
927,19,3,79.88,2024-06-05T00:00:00
928,53,2,119.34,2024-04-30T00:00:00
929,93,3,89.5,2024-06-01T00:00:00
930,33,1,117.97,2024-04-10T00:00:00
931,70,5,64.74,2024-02-07T00:00:00
932,42,2,70.72,2024-05-27T00:00:00
933,72,2,77.98,2024-06-13T00:00:00
934,11,5,90.31,2024-06-06T00:00:00
935,51,3,61.81,2024-07-05T00:00:00
936,5,3,28.14,2024-06-11T00:00:00
937,35,4,44.75,2024-03-06T00:00:00
938,2,1,125.86,2024-01-28T00:00:00
939,60,2,72.55,2024-07-19T00:00:00
940,31,1,37.6,2024-01-28T00:00:00
941,13,1,88.96,2024-01-30T00:00:00
942,6,3,65.17,2024-03-29T00:00:00
943,15,1,127.18,2024-04-09T00:00:00
944,79,5,124.09,2024-02-10T00:00:00
945,69,5,75.96,2024-02-13T00:00:00
946,46,5,62.72,2024-05-11T00:00:00
947,73,2,52.27,2024-01-19T00:00:00
948,81,1,143.65,2024-05-27T00:00:00
949,39,1,70.34,2024-01-01T00:00:00
950,85,1,112.61,2024-05-20T00:00:00
951,40,5,140.22,2024-07-13T00:00:00
952,33,4,60.57,2024-06-14T00:00:00
953,29,3,97.97,2024-07-18T00:00:00
954,17,5,77.72,2024-07-09T00:00:00
955,4,3,131.41,2024-04-24T00:00:00
956,13,4,122.68,2024-02-09T00:00:00
957,36,1,59.12,2024-07-13T00:00:00
958,28,3,138.74,2024-02-06T00:00:00
959,72,2,141.33,2024-01-02T00:00:00
960,30,4,57.03,2024-02-02T00:00:00
961,53,3,66.98,2024-06-08T00:00:00
962,57,1,41.3,2024-05-15T00:00:00
963,38,5,51.21,2024-02-23T00:00:00
964,30,2,59.54,2024-03-06T00:00:00
965,1,4,116.97,2024-02-05T00:00:00
966,55,4,18.11,2024-03-11T00:00:00
967,13,2,20.72,2024-04-13T00:00:00
968,19,1,101.7,2024-05-12T00:00:00
969,86,2,28.38,2024-03-10T00:00:00
970,47,3,55.36,2024-03-05T00:00:00
971,73,2,9.5,2024-03-06T00:00:00
972,62,5,82.72,2024-03-28T00:00:00
973,3,2,106.19,2024-03-07T00:00:00
974,83,2,15.59,2024-06-25T00:00:00
975,48,3,114.15,2024-07-15T00:00:00
976,25,1,144.52,2024-04-10T00:00:00
977,44,5,52.82,2024-04-15T00:00:00
978,44,5,119.45,2024-03-06T00:00:00
979,52,5,45.0,2024-03-31T00:00:00
980,79,1,139.71,2024-04-21T00:00:00
981,29,5,73.44,2024-03-29T00:00:00
982,99,3,108.97,2024-01-28T00:00:00
983,77,5,142.82,2024-02-13T00:00:00
984,80,2,117.09,2024-05-17T00:00:00
985,57,3,66.38,2024-06-08T00:00:00
986,1,1,62.55,2024-07-06T00:00:00
987,76,2,127.12,2024-05-01T00:00:00
988,86,4,76.59,2024-04-14T00:00:00
989,83,2,135.64,2024-06-17T00:00:00
990,64,2,100.14,2024-05-22T00:00:00
991,100,1,129.78,2024-03-16T00:00:00
992,18,3,124.37,2024-05-11T00:00:00
993,39,4,24.34,2024-03-26T00:00:00
994,67,3,35.58,2024-01-11T00:00:00
995,40,5,138.2,2024-05-27T00:00:00
996,38,4,48.36,2024-02-10T00:00:00
997,38,3,120.9,2024-03-26T00:00:00
998,20,3,61.15,2024-06-21T00:00:00
999,57,4,109.52,2024-04-08T00:00:00
1000,6,1,89.51,2024-03-22T00:00:00
1001,7,5,113.12,2024-01-11T00:00:00
1002,54,1,143.59,2024-06-09T00:00:00
1003,90,3,23.74,2024-01-03T00:00:00
1004,45,2,95.61,2024-05-12T00:00:00
1005,56,2,80.45,2024-01-09T00:00:00
1006,43,1,99.64,2024-01-07T00:00:00
1007,22,3,121.6,2024-06-06T00:00:00
1008,27,4,46.95,2024-02-12T00:00:00
1009,6,1,77.1,2024-05-18T00:00:00
1010,88,1,60.1,2024-04-21T00:00:00
1011,7,2,53.37,2024-05-30T00:00:00
1012,74,4,91.99,2024-05-28T00:00:00
1013,66,1,53.8,2024-06-11T00:00:00
1014,52,2,118.14,2024-03-01T00:00:00
1015,67,4,130.71,2024-06-12T00:00:00
1016,54,4,36.63,2024-07-18T00:00:00
1017,1,3,9.72,2024-07-18T00:00:00
1018,11,2,94.75,2024-07-12T00:00:00
1019,58,4,49.29,2024-03-17T00:00:00
1020,7,4,30.45,2024-03-06T00:00:00
1021,71,2,23.28,2024-06-21T00:00:00
1022,52,5,6.44,2024-05-08T00:00:00
1023,39,1,110.37,2024-03-28T00:00:00
1024,13,3,28.48,2024-06-27T00:00:00
1025,26,1,30.35,2024-06-28T00:00:00
1026,88,5,97.92,2024-05-15T00:00:00
1027,73,1,36.95,2024-04-13T00:00:00
1028,88,1,102.4,2024-05-15T00:00:00
1029,54,5,120.71,2024-07-16T00:00:00
1030,23,1,112.22,2024-07-18T00:00:00
1031,51,4,32.68,2024-02-26T00:00:00
1032,12,5,70.53,2024-05-19T00:00:00
1033,43,3,32.81,2024-06-01T00:00:00
1034,33,4,40.87,2024-03-15T00:00:00
1035,80,3,134.53,2024-07-01T00:00:00
1036,19,3,57.44,2024-07-04T00:00:00
1037,36,5,97.93,2024-07-16T00:00:00
1038,25,5,100.96,2024-01-27T00:00:00
1039,28,3,29.47,2024-03-23T00:00:00
1040,29,2,99.77,2024-01-09T00:00:00
1041,78,2,61.24,2024-03-06T00:00:00
1042,28,3,59.45,2024-07-15T00:00:00
1043,5,2,109.34,2024-04-21T00:00:00
1044,39,3,63.83,2024-04-01T00:00:00
1045,80,2,46.56,2024-03-12T00:00:00
1046,34,4,94.58,2024-07-19T00:00:00
1047,75,3,25.52,2024-01-16T00:00:00
1048,10,3,15.93,2024-05-06T00:00:00
1049,27,4,130.2,2024-01-11T00:00:00
1050,35,3,127.32,2024-06-25T00:00:00
1051,87,5,76.83,2024-04-20T00:00:00
1052,56,4,114.36,2024-06-04T00:00:00
1053,93,4,115.22,2024-07-08T00:00:00
1054,56,4,46.94,2024-01-25T00:00:00
1055,11,2,107.37,2024-04-03T00:00:00
1056,73,4,107.27,2024-02-01T00:00:00
1057,49,1,67.89,2024-02-21T00:00:00
1058,15,2,129.56,2024-05-02T00:00:00
1059,50,2,104.49,2024-02-26T00:00:00
1060,80,1,105.43,2024-03-23T00:00:00
1061,65,4,122.42,2024-02-12T00:00:00
1062,49,4,86.67,2024-02-17T00:00:00
1063,5,5,33.77,2024-03-04T00:00:00
1064,98,2,22.33,2024-05-22T00:00:00
1065,2,1,58.93,2024-02-24T00:00:00
1066,7,3,100.2,2024-02-07T00:00:00
1067,17,1,109.1,2024-05-30T00:00:00
1068,54,3,115.97,2024-02-03T00:00:00
1069,10,2,138.72,2024-02-11T00:00:00
1070,78,4,36.41,2024-04-10T00:00:00
1071,70,4,30.1,2024-01-17T00:00:00
1072,64,2,34.57,2024-06-23T00:00:00
1073,20,2,135.5,2024-06-05T00:00:00
1074,79,2,84.51,2024-01-17T00:00:00
1075,99,5,137.99,2024-01-21T00:00:00
1076,46,5,45.42,2024-06-17T00:00:00
1077,73,4,67.86,2024-05-22T00:00:00
1078,74,5,37.01,2024-02-02T00:00:00
1079,71,5,22.04,2024-04-21T00:00:00
1080,95,4,58.32,2024-04-23T00:00:00
1081,87,5,142.82,2024-03-26T00:00:00
1082,86,5,149.73,2024-01-14T00:00:00
1083,99,1,148.56,2024-06-07T00:00:00
1084,60,2,101.17,2024-04-29T00:00:00
1085,74,3,56.05,2024-04-27T00:00:00
1086,26,5,74.2,2024-03-13T00:00:00
1087,77,2,23.41,2024-02-26T00:00:00
1088,37,1,125.68,2024-01-23T00:00:00
1089,84,2,127.73,2024-05-11T00:00:00
1090,28,3,76.37,2024-01-16T00:00:00
1091,49,2,97.21,2024-01-14T00:00:00
1092,40,3,95.1,2024-04-19T00:00:00
1093,2,4,52.21,2024-03-03T00:00:00
1094,83,1,29.45,2024-01-14T00:00:00
1095,95,4,142.33,2024-01-05T00:00:00
1096,66,4,139.46,2024-04-04T00:00:00
1097,71,4,9.17,2024-06-14T00:00:00
1098,77,4,61.43,2024-03-01T00:00:00
1099,67,1,86.17,2024-01-12T00:00:00
1100,84,2,98.83,2024-03-21T00:00:00
1101,5,2,68.61,2024-06-28T00:00:00
1102,23,4,26.22,2024-03-05T00:00:00
1103,65,4,105.38,2024-05-11T00:00:00
1104,16,1,105.98,2024-04-08T00:00:00
1105,62,3,35.53,2024-05-15T00:00:00
1106,53,2,144.65,2024-02-20T00:00:00
1107,22,2,33.58,2024-06-19T00:00:00
1108,44,3,139.7,2024-07-16T00:00:00
1109,79,5,122.12,2024-03-01T00:00:00
1110,98,2,45.83,2024-07-16T00:00:00
1111,73,1,115.06,2024-06-08T00:00:00
1112,41,1,120.11,2024-06-15T00:00:00
1113,23,4,83.41,2024-04-14T00:00:00
1114,93,2,123.69,2024-01-12T00:00:00
1115,92,2,51.35,2024-06-19T00:00:00
1116,96,3,70.54,2024-07-10T00:00:00
1117,25,4,72.22,2024-01-22T00:00:00
1118,51,3,6.42,2024-02-24T00:00:00
1119,75,3,59.3,2024-06-09T00:00:00
1120,1,1,69.57,2024-07-13T00:00:00
1121,52,3,106.53,2024-03-17T00:00:00
1122,95,2,112.93,2024-03-26T00:00:00
1123,28,1,12.39,2024-01-05T00:00:00
1124,91,2,92.16,2024-03-24T00:00:00
1125,92,1,43.56,2024-05-31T00:00:00
1126,68,3,144.77,2024-07-02T00:00:00
1127,82,2,132.9,2024-01-04T00:00:00
1128,17,4,55.38,2024-05-07T00:00:00
1129,5,4,21.07,2024-06-26T00:00:00
1130,54,2,38.27,2024-05-29T00:00:00
1131,56,5,43.28,2024-01-02T00:00:00
1132,20,4,107.75,2024-02-08T00:00:00
1133,45,1,143.4,2024-03-04T00:00:00
1134,72,5,27.38,2024-02-03T00:00:00
1135,52,2,93.62,2024-07-06T00:00:00
1136,43,2,23.78,2024-06-04T00:00:00
1137,89,1,23.44,2024-01-09T00:00:00
1138,77,3,149.93,2024-03-31T00:00:00
1139,1,2,106.58,2024-01-03T00:00:00
1140,9,4,141.6,2024-04-20T00:00:00
1141,92,4,49.87,2024-02-04T00:00:00
1142,51,4,114.56,2024-07-19T00:00:00
1143,58,3,47.39,2024-05-01T00:00:00
1144,24,3,6.16,2024-02-28T00:00:00
1145,89,1,77.42,2024-07-19T00:00:00
1146,1,1,91.11,2024-04-28T00:00:00
1147,1,2,24.21,2024-04-10T00:00:00
1148,95,5,143.45,2024-02-26T00:00:00
1149,76,5,45.14,2024-07-04T00:00:00
1150,28,2,18.13,2024-03-25T00:00:00
1151,45,1,22.69,2024-05-22T00:00:00
1152,30,2,52.64,2024-05-23T00:00:00
1153,69,4,119.94,2024-06-29T00:00:00
1154,11,4,87.89,2024-02-12T00:00:00
1155,24,5,19.74,2024-02-17T00:00:00
1156,88,4,93.54,2024-04-26T00:00:00
1157,56,2,14.19,2024-06-19T00:00:00
1158,82,3,52.6,2024-04-04T00:00:00
1159,75,3,67.4,2024-06-07T00:00:00
1160,77,1,32.58,2024-04-15T00:00:00
1161,45,5,111.9,2024-03-29T00:00:00
1162,89,1,69.87,2024-01-03T00:00:00
1163,29,3,64.58,2024-06-22T00:00:00
1164,18,2,45.33,2024-05-10T00:00:00
1165,79,1,28.53,2024-05-28T00:00:00
1166,40,1,149.36,2024-01-29T00:00:00
1167,35,5,21.19,2024-02-16T00:00:00
1168,91,5,70.57,2024-03-04T00:00:00
1169,60,4,12.91,2024-05-06T00:00:00
1170,47,5,47.3,2024-04-06T00:00:00
1171,12,5,68.38,2024-06-24T00:00:00
1172,90,5,38.81,2024-05-04T00:00:00
1173,9,5,109.87,2024-04-02T00:00:00
1174,69,5,31.84,2024-06-29T00:00:00
1175,27,2,7.69,2024-03-01T00:00:00
1176,31,5,81.33,2024-04-15T00:00:00
1177,72,4,28.96,2024-03-01T00:00:00
1178,1,2,141.85,2024-05-16T00:00:00
1179,8,2,129.62,2024-01-24T00:00:00
1180,4,2,83.97,2024-02-28T00:00:00
1181,47,3,148.15,2024-02-05T00:00:00
1182,13,3,132.37,2024-04-15T00:00:00
1183,46,5,131.13,2024-05-20T00:00:00
1184,8,4,10.48,2024-06-11T00:00:00
1185,41,3,139.8,2024-06-21T00:00:00
1186,95,4,49.49,2024-04-08T00:00:00
1187,62,3,102.48,2024-05-29T00:00:00
1188,88,1,108.6,2024-04-18T00:00:00
1189,10,2,22.84,2024-01-03T00:00:00
1190,32,4,137.45,2024-02-24T00:00:00
1191,44,2,136.8,2024-03-14T00:00:00
1192,60,4,105.98,2024-05-26T00:00:00
1193,92,5,35.51,2024-04-28T00:00:00
1194,49,1,111.41,2024-01-19T00:00:00
1195,39,5,70.16,2024-07-03T00:00:00
1196,38,4,149.11,2024-06-13T00:00:00
1197,78,4,59.38,2024-07-05T00:00:00
1198,60,2,40.77,2024-05-06T00:00:00
1199,2,3,43.91,2024-05-06T00:00:00
1200,46,1,91.01,2024-06-26T00:00:00
1201,86,1,36.04,2024-04-24T00:00:00
1202,50,2,66.06,2024-07-05T00:00:00
1203,23,4,66.64,2024-05-14T00:00:00
1204,19,1,134.8,2024-07-01T00:00:00
1205,21,1,89.41,2024-02-24T00:00:00
1206,98,5,83.81,2024-07-03T00:00:00
1207,60,3,48.64,2024-02-04T00:00:00
1208,3,4,67.89,2024-06-20T00:00:00
1209,87,5,55.03,2024-07-01T00:00:00
1210,47,2,116.31,2024-03-10T00:00:00
1211,27,4,88.69,2024-05-01T00:00:00
1212,35,5,65.23,2024-03-11T00:00:00
1213,57,1,21.12,2024-03-24T00:00:00
1214,58,3,80.24,2024-02-28T00:00:00
1215,66,3,41.0,2024-02-10T00:00:00
1216,33,2,64.71,2024-01-08T00:00:00
1217,87,4,62.72,2024-02-04T00:00:00
1218,10,1,28.96,2024-06-03T00:00:00
1219,94,4,120.33,2024-02-26T00:00:00
1220,38,5,61.73,2024-01-03T00:00:00
1221,37,2,22.42,2024-04-20T00:00:00
1222,37,3,104.83,2024-05-21T00:00:00
1223,8,2,19.12,2024-07-16T00:00:00
1224,22,5,75.68,2024-04-20T00:00:00
1225,15,1,57.01,2024-03-22T00:00:00
1226,40,1,147.82,2024-03-19T00:00:00
1227,58,1,54.9,2024-05-23T00:00:00
1228,81,2,43.2,2024-07-10T00:00:00
1229,36,2,138.33,2024-05-10T00:00:00
1230,44,5,123.44,2024-06-27T00:00:00
1231,5,2,145.77,2024-04-08T00:00:00
1232,42,3,125.73,2024-04-30T00:00:00
1233,22,3,8.96,2024-03-08T00:00:00
1234,3,5,97.49,2024-05-25T00:00:00
1235,3,4,83.2,2024-04-28T00:00:00
1236,99,1,122.1,2024-05-10T00:00:00
1237,50,1,23.05,2024-05-27T00:00:00
1238,73,1,119.8,2024-01-23T00:00:00
1239,64,2,56.31,2024-01-09T00:00:00
1240,53,4,130.88,2024-03-22T00:00:00
1241,25,1,23.43,2024-04-30T00:00:00
1242,33,4,96.54,2024-01-26T00:00:00
1243,54,4,84.95,2024-03-16T00:00:00
1244,12,1,135.39,2024-04-18T00:00:00
1245,20,3,122.71,2024-02-20T00:00:00
1246,11,4,57.45,2024-05-31T00:00:00
1247,78,3,120.99,2024-01-26T00:00:00
1248,27,5,51.06,2024-02-11T00:00:00
1249,43,1,35.25,2024-03-16T00:00:00
1250,72,5,143.17,2024-05-05T00:00:00
1251,73,4,123.02,2024-04-23T00:00:00
1252,50,3,80.89,2024-06-12T00:00:00
1253,68,4,122.29,2024-06-22T00:00:00
1254,19,1,30.4,2024-02-15T00:00:00
1255,84,2,35.08,2024-07-17T00:00:00
1256,18,2,138.38,2024-02-05T00:00:00
1257,11,4,78.44,2024-04-09T00:00:00
1258,51,5,97.67,2024-04-18T00:00:00
1259,70,5,103.82,2024-04-21T00:00:00
1260,61,3,74.23,2024-06-20T00:00:00
1261,85,2,59.81,2024-03-11T00:00:00
1262,79,2,68.82,2024-02-09T00:00:00
1263,50,4,96.01,2024-06-21T00:00:00
1264,8,3,107.67,2024-06-19T00:00:00
1265,20,3,90.95,2024-06-23T00:00:00
1266,73,4,140.77,2024-02-09T00:00:00
1267,77,1,100.74,2024-06-07T00:00:00
1268,51,1,15.75,2024-01-08T00:00:00
1269,86,1,123.5,2024-02-03T00:00:00
1270,71,3,13.91,2024-04-20T00:00:00
1271,44,3,101.04,2024-03-31T00:00:00
1272,26,2,64.42,2024-03-31T00:00:00
1273,15,4,70.36,2024-03-26T00:00:00
1274,65,1,149.96,2024-06-18T00:00:00
1275,8,2,64.12,2024-06-02T00:00:00
1276,92,2,34.26,2024-06-20T00:00:00
1277,21,4,147.22,2024-05-11T00:00:00
1278,4,3,106.48,2024-06-07T00:00:00
1279,38,3,119.4,2024-04-25T00:00:00
1280,7,1,46.77,2024-07-14T00:00:00
1281,4,5,50.78,2024-02-07T00:00:00
1282,33,1,38.86,2024-07-19T00:00:00
1283,84,5,76.72,2024-02-19T00:00:00
1284,10,2,46.41,2024-01-08T00:00:00
1285,83,2,27.83,2024-06-22T00:00:00
1286,23,2,90.83,2024-04-27T00:00:00
1287,14,1,140.89,2024-02-20T00:00:00
1288,73,3,99.5,2024-02-13T00:00:00
1289,35,1,16.69,2024-02-29T00:00:00
1290,49,3,84.03,2024-03-18T00:00:00
1291,18,3,124.91,2024-05-16T00:00:00
1292,16,3,80.86,2024-07-16T00:00:00
1293,98,2,68.81,2024-06-12T00:00:00
1294,97,1,9.4,2024-04-11T00:00:00
1295,62,1,132.04,2024-06-26T00:00:00
1296,61,4,58.51,2024-02-23T00:00:00
1297,62,5,129.59,2024-02-21T00:00:00
1298,67,5,98.07,2024-02-05T00:00:00
1299,56,2,108.94,2024-05-05T00:00:00
1300,30,1,40.62,2024-01-30T00:00:00
1301,47,1,105.88,2024-02-24T00:00:00
1302,56,3,111.86,2024-04-25T00:00:00
1303,57,4,132.62,2024-06-01T00:00:00
1304,96,5,99.77,2024-04-24T00:00:00
1305,48,1,34.52,2024-06-23T00:00:00
1306,34,2,124.85,2024-05-12T00:00:00
1307,98,1,119.18,2024-04-16T00:00:00
1308,26,3,19.95,2024-01-02T00:00:00
1309,95,2,33.78,2024-07-02T00:00:00
1310,50,2,48.94,2024-03-20T00:00:00
1311,85,3,146.54,2024-02-29T00:00:00
1312,4,2,91.51,2024-03-19T00:00:00
1313,24,1,132.74,2024-03-30T00:00:00
1314,94,2,105.75,2024-07-11T00:00:00
1315,50,4,70.99,2024-06-24T00:00:00
1316,15,2,91.91,2024-01-16T00:00:00
1317,11,2,29.9,2024-04-19T00:00:00
1318,18,4,63.13,2024-03-31T00:00:00
1319,11,1,143.81,2024-05-20T00:00:00
1320,59,5,56.28,2024-06-28T00:00:00
1321,48,3,145.87,2024-04-05T00:00:00
1322,2,1,61.09,2024-03-10T00:00:00
1323,8,5,74.57,2024-01-14T00:00:00
1324,63,3,125.97,2024-04-19T00:00:00
1325,95,4,89.36,2024-05-23T00:00:00
1326,66,2,29.73,2024-01-11T00:00:00
1327,52,3,32.82,2024-02-21T00:00:00
1328,95,1,93.88,2024-04-17T00:00:00
1329,54,5,41.67,2024-07-04T00:00:00
1330,17,1,42.41,2024-06-28T00:00:00
1331,36,5,131.84,2024-04-26T00:00:00
1332,55,1,25.96,2024-05-10T00:00:00
1333,18,2,64.67,2024-04-29T00:00:00
1334,65,4,128.86,2024-05-12T00:00:00
1335,93,1,61.1,2024-06-25T00:00:00
1336,94,3,64.94,2024-01-28T00:00:00
1337,84,5,66.95,2024-04-15T00:00:00
1338,4,3,92.11,2024-03-15T00:00:00
1339,34,3,147.97,2024-01-08T00:00:00
1340,18,5,12.97,2024-03-21T00:00:00
1341,95,1,28.77,2024-07-09T00:00:00
1342,53,5,118.21,2024-02-06T00:00:00
1343,11,5,76.88,2024-05-13T00:00:00
1344,9,4,58.0,2024-06-09T00:00:00
1345,20,4,63.9,2024-03-24T00:00:00
1346,88,3,77.29,2024-05-22T00:00:00
1347,10,5,24.59,2024-06-10T00:00:00
1348,12,2,93.28,2024-06-27T00:00:00
1349,47,4,79.73,2024-07-15T00:00:00
1350,23,2,66.57,2024-01-12T00:00:00
1351,10,3,97.57,2024-06-27T00:00:00
1352,40,3,109.88,2024-04-04T00:00:00
1353,40,4,62.8,2024-04-22T00:00:00
1354,48,3,147.09,2024-06-08T00:00:00
1355,90,4,26.97,2024-02-03T00:00:00
1356,90,4,41.31,2024-06-26T00:00:00
1357,33,4,144.32,2024-04-30T00:00:00
1358,78,1,47.65,2024-05-06T00:00:00
1359,45,4,24.05,2024-02-07T00:00:00
1360,83,4,143.42,2024-02-08T00:00:00
1361,30,3,118.11,2024-06-23T00:00:00
1362,71,5,90.23,2024-04-03T00:00:00
1363,22,4,95.71,2024-03-18T00:00:00
1364,35,2,94.45,2024-06-16T00:00:00
1365,62,3,16.75,2024-03-08T00:00:00
1366,63,4,71.61,2024-01-12T00:00:00
1367,55,3,75.66,2024-02-08T00:00:00
1368,42,2,34.87,2024-04-07T00:00:00
1369,16,1,118.78,2024-03-23T00:00:00
1370,19,4,96.1,2024-04-24T00:00:00
1371,68,2,141.37,2024-02-09T00:00:00
1372,8,2,107.15,2024-03-26T00:00:00
1373,83,3,75.77,2024-01-10T00:00:00
1374,56,1,36.12,2024-05-27T00:00:00
1375,41,4,122.71,2024-03-04T00:00:00
1376,39,4,55.75,2024-04-23T00:00:00
1377,42,3,22.46,2024-04-05T00:00:00
1378,5,3,34.47,2024-07-04T00:00:00
1379,76,1,92.39,2024-07-06T00:00:00
1380,34,1,42.41,2024-03-26T00:00:00
1381,15,4,135.47,2024-03-16T00:00:00
1382,70,3,59.05,2024-05-06T00:00:00
1383,8,1,59.93,2024-04-23T00:00:00
1384,41,1,147.32,2024-04-29T00:00:00
1385,81,2,24.78,2024-02-08T00:00:00
1386,27,4,130.55,2024-03-13T00:00:00
1387,45,2,98.89,2024-06-28T00:00:00
1388,86,2,94.1,2024-01-16T00:00:00
1389,78,4,120.01,2024-06-20T00:00:00
1390,87,4,71.84,2024-04-03T00:00:00
1391,55,4,14.9,2024-02-27T00:00:00
1392,45,1,52.12,2024-06-20T00:00:00
1393,50,5,108.65,2024-05-07T00:00:00
1394,43,2,136.38,2024-01-18T00:00:00
1395,35,4,133.16,2024-04-29T00:00:00
1396,41,4,83.82,2024-05-06T00:00:00
1397,77,3,110.59,2024-06-14T00:00:00
1398,15,5,122.11,2024-02-03T00:00:00
1399,54,1,112.66,2024-04-07T00:00:00
1400,13,4,138.29,2024-05-22T00:00:00
1401,28,2,5.55,2024-06-22T00:00:00
1402,80,1,140.59,2024-01-26T00:00:00
1403,11,3,23.03,2024-05-29T00:00:00
1404,72,3,65.43,2024-04-11T00:00:00
1405,10,4,129.58,2024-06-14T00:00:00
1406,58,3,112.9,2024-04-21T00:00:00
1407,57,4,95.27,2024-06-04T00:00:00
1408,18,4,92.64,2024-04-09T00:00:00
1409,14,3,45.23,2024-02-06T00:00:00
1410,34,1,18.72,2024-02-12T00:00:00
1411,94,1,5.65,2024-03-24T00:00:00
1412,44,1,28.46,2024-04-22T00:00:00
1413,80,1,67.54,2024-05-24T00:00:00
1414,52,1,131.51,2024-04-11T00:00:00
1415,8,1,24.78,2024-05-09T00:00:00
1416,63,4,141.85,2024-02-02T00:00:00
1417,37,5,25.19,2024-05-24T00:00:00
1418,18,5,25.49,2024-02-07T00:00:00
1419,76,2,110.35,2024-02-20T00:00:00
1420,4,2,76.0,2024-04-27T00:00:00
1421,47,4,96.89,2024-05-15T00:00:00
1422,1,4,134.74,2024-06-30T00:00:00
1423,49,3,94.75,2024-01-07T00:00:00
1424,99,5,128.71,2024-01-28T00:00:00
1425,66,2,67.13,2024-02-03T00:00:00
1426,67,4,87.32,2024-07-14T00:00:00
1427,71,3,41.53,2024-02-01T00:00:00
1428,95,1,108.19,2024-04-13T00:00:00
1429,57,3,66.17,2024-06-22T00:00:00
1430,65,4,77.46,2024-05-17T00:00:00
1431,4,1,125.04,2024-03-23T00:00:00
1432,98,2,19.95,2024-03-30T00:00:00
1433,10,2,105.4,2024-02-01T00:00:00
1434,30,2,71.65,2024-07-08T00:00:00
1435,10,2,96.11,2024-07-12T00:00:00
1436,61,3,32.1,2024-01-12T00:00:00
1437,38,4,83.85,2024-04-26T00:00:00
1438,77,3,124.22,2024-01-03T00:00:00
1439,39,4,26.57,2024-02-20T00:00:00
1440,24,3,15.45,2024-02-13T00:00:00
1441,51,5,122.16,2024-03-18T00:00:00
1442,96,2,70.91,2024-04-11T00:00:00
1443,88,1,135.18,2024-04-01T00:00:00
1444,78,3,38.45,2024-05-18T00:00:00
1445,80,2,70.92,2024-02-02T00:00:00
1446,37,4,148.69,2024-03-27T00:00:00
1447,44,3,125.96,2024-02-06T00:00:00
1448,25,3,35.9,2024-01-02T00:00:00
1449,8,1,129.34,2024-03-13T00:00:00
1450,29,5,114.22,2024-06-13T00:00:00
1451,15,1,92.52,2024-02-21T00:00:00
1452,23,1,68.19,2024-02-13T00:00:00
1453,57,3,12.5,2024-06-07T00:00:00
1454,65,3,107.56,2024-05-28T00:00:00
1455,17,5,142.0,2024-06-06T00:00:00
1456,67,1,40.27,2024-04-25T00:00:00
1457,63,2,79.52,2024-01-29T00:00:00
1458,86,3,140.73,2024-02-08T00:00:00
1459,35,4,43.44,2024-01-05T00:00:00
1460,1,3,77.77,2024-01-15T00:00:00
1461,42,2,11.14,2024-01-08T00:00:00
1462,34,2,9.46,2024-03-15T00:00:00
1463,62,5,137.78,2024-05-07T00:00:00
1464,44,5,17.97,2024-02-14T00:00:00
1465,45,1,118.97,2024-02-06T00:00:00
1466,47,2,137.63,2024-04-06T00:00:00
1467,58,3,94.07,2024-01-21T00:00:00
1468,32,2,18.79,2024-01-23T00:00:00
1469,94,3,80.78,2024-01-21T00:00:00
1470,16,5,125.6,2024-04-02T00:00:00
1471,32,5,46.12,2024-06-10T00:00:00
1472,40,1,135.7,2024-07-02T00:00:00
1473,53,2,72.27,2024-02-04T00:00:00
1474,100,2,126.14,2024-04-21T00:00:00
1475,10,4,27.32,2024-03-03T00:00:00
1476,39,3,92.26,2024-07-04T00:00:00
1477,74,4,129.58,2024-01-31T00:00:00
1478,14,3,70.87,2024-06-17T00:00:00
1479,51,2,90.04,2024-02-08T00:00:00
1480,81,3,52.15,2024-06-12T00:00:00
1481,26,5,11.54,2024-06-18T00:00:00
1482,52,3,51.68,2024-01-28T00:00:00
1483,81,2,34.59,2024-04-05T00:00:00
1484,61,3,86.81,2024-01-15T00:00:00
1485,91,4,24.45,2024-05-07T00:00:00
1486,66,2,121.37,2024-03-12T00:00:00
1487,33,5,27.63,2024-01-31T00:00:00
1488,41,2,54.54,2024-02-20T00:00:00
1489,98,1,128.8,2024-02-24T00:00:00
1490,54,2,79.23,2024-05-16T00:00:00
1491,12,4,9.24,2024-02-05T00:00:00
1492,51,3,94.67,2024-05-12T00:00:00
1493,51,5,26.22,2024-06-17T00:00:00
1494,12,5,38.46,2024-02-21T00:00:00
1495,63,4,59.91,2024-07-01T00:00:00
1496,41,3,85.82,2024-01-03T00:00:00
1497,68,5,126.8,2024-07-07T00:00:00
1498,94,3,8.51,2024-04-07T00:00:00
1499,95,5,62.02,2024-02-13T00:00:00
1500,79,3,19.4,2024-01-30T00:00:00
1501,91,4,63.58,2024-01-14T00:00:00
1502,63,1,149.05,2024-05-24T00:00:00
1503,11,2,135.91,2024-04-08T00:00:00
1504,79,3,126.21,2024-07-01T00:00:00
1505,86,3,40.03,2024-04-14T00:00:00
1506,18,2,104.12,2024-04-12T00:00:00
1507,80,1,40.71,2024-05-25T00:00:00
1508,19,5,54.16,2024-01-28T00:00:00
1509,99,2,65.99,2024-05-11T00:00:00
1510,43,5,114.65,2024-04-02T00:00:00
1511,45,4,137.85,2024-03-30T00:00:00
1512,100,4,15.34,2024-04-29T00:00:00
1513,17,3,95.8,2024-04-04T00:00:00
1514,12,4,79.74,2024-04-17T00:00:00
1515,49,3,15.63,2024-04-29T00:00:00
1516,86,2,43.23,2024-06-26T00:00:00
1517,2,5,57.54,2024-03-01T00:00:00
1518,45,4,121.64,2024-04-22T00:00:00
1519,67,1,25.99,2024-07-02T00:00:00
1520,98,2,119.08,2024-01-26T00:00:00
1521,29,3,57.96,2024-05-24T00:00:00
1522,24,4,56.88,2024-06-27T00:00:00
1523,5,2,61.37,2024-03-31T00:00:00
1524,45,5,140.36,2024-04-14T00:00:00
1525,39,5,42.74,2024-01-22T00:00:00
1526,7,1,85.75,2024-07-09T00:00:00
1527,40,2,66.92,2024-05-29T00:00:00
1528,26,2,45.45,2024-04-16T00:00:00
1529,51,5,127.93,2024-03-15T00:00:00
1530,78,4,144.43,2024-01-24T00:00:00
1531,53,2,106.54,2024-05-03T00:00:00
1532,16,5,145.84,2024-05-25T00:00:00
1533,97,5,17.09,2024-01-21T00:00:00
1534,42,2,129.73,2024-01-24T00:00:00
1535,25,1,68.99,2024-01-22T00:00:00
1536,88,4,14.35,2024-01-13T00:00:00
1537,19,4,23.19,2024-05-06T00:00:00
1538,56,4,47.69,2024-06-04T00:00:00
1539,33,5,96.89,2024-06-01T00:00:00
1540,12,5,86.05,2024-06-07T00:00:00
1541,47,1,38.82,2024-05-18T00:00:00
1542,86,5,26.97,2024-01-06T00:00:00
1543,97,4,11.08,2024-03-26T00:00:00
1544,86,4,85.49,2024-01-19T00:00:00
1545,78,4,49.67,2024-02-22T00:00:00
1546,55,4,14.29,2024-07-13T00:00:00
1547,33,1,99.21,2024-06-09T00:00:00
1548,14,3,110.94,2024-02-26T00:00:00
1549,73,5,59.8,2024-04-10T00:00:00
1550,10,5,18.06,2024-03-03T00:00:00
1551,9,4,129.67,2024-05-14T00:00:00
1552,58,5,128.48,2024-05-09T00:00:00
1553,99,1,25.84,2024-05-04T00:00:00
1554,80,3,26.75,2024-01-30T00:00:00
1555,27,3,83.59,2024-01-04T00:00:00
1556,64,5,70.66,2024-02-07T00:00:00
1557,41,4,69.02,2024-06-04T00:00:00
1558,59,5,143.51,2024-04-04T00:00:00
1559,91,4,142.27,2024-06-21T00:00:00
1560,80,5,17.16,2024-02-25T00:00:00
1561,71,2,40.75,2024-06-21T00:00:00
1562,45,4,85.71,2024-01-25T00:00:00
1563,11,1,117.78,2024-06-14T00:00:00
1564,43,2,110.31,2024-02-21T00:00:00
1565,68,2,84.61,2024-05-10T00:00:00
1566,21,1,48.55,2024-03-05T00:00:00
1567,76,3,130.64,2024-03-30T00:00:00
1568,55,3,116.54,2024-01-01T00:00:00
1569,79,5,77.37,2024-02-03T00:00:00
1570,23,4,5.29,2024-01-05T00:00:00
1571,34,3,137.23,2024-07-16T00:00:00
1572,28,4,100.54,2024-03-03T00:00:00
1573,54,5,34.42,2024-05-26T00:00:00
1574,49,1,29.81,2024-01-01T00:00:00
1575,81,2,19.55,2024-03-15T00:00:00
1576,19,5,61.99,2024-04-02T00:00:00
1577,24,5,115.79,2024-02-13T00:00:00
1578,21,5,144.33,2024-02-07T00:00:00
1579,64,1,136.54,2024-02-16T00:00:00
1580,100,3,43.73,2024-04-23T00:00:00
1581,32,5,107.17,2024-07-06T00:00:00
1582,30,2,128.96,2024-03-09T00:00:00
1583,31,4,125.1,2024-07-07T00:00:00
1584,92,3,108.86,2024-03-01T00:00:00
1585,47,4,132.5,2024-02-21T00:00:00
1586,59,5,103.03,2024-03-21T00:00:00
1587,6,2,37.28,2024-02-09T00:00:00
1588,55,1,83.88,2024-07-13T00:00:00
1589,54,4,79.33,2024-06-02T00:00:00
1590,59,1,120.41,2024-01-16T00:00:00
1591,51,2,84.05,2024-02-24T00:00:00
1592,56,5,126.67,2024-05-10T00:00:00
1593,92,5,128.73,2024-06-03T00:00:00
1594,61,3,97.81,2024-01-27T00:00:00
1595,49,3,78.67,2024-04-04T00:00:00
1596,41,2,132.22,2024-04-17T00:00:00
1597,85,5,40.73,2024-02-18T00:00:00
1598,10,2,17.39,2024-06-23T00:00:00
1599,54,2,76.4,2024-03-06T00:00:00
1600,5,4,54.98,2024-04-28T00:00:00
1601,54,2,12.91,2024-02-29T00:00:00
1602,20,2,140.56,2024-06-17T00:00:00
1603,85,5,135.37,2024-03-16T00:00:00
1604,79,5,136.97,2024-04-18T00:00:00
1605,87,3,59.24,2024-03-21T00:00:00
1606,34,2,70.76,2024-07-09T00:00:00
1607,43,1,88.86,2024-02-23T00:00:00
1608,100,1,100.62,2024-02-04T00:00:00
1609,32,3,132.71,2024-07-02T00:00:00
1610,65,4,114.33,2024-03-05T00:00:00
1611,2,4,50.79,2024-02-06T00:00:00
1612,41,1,34.99,2024-04-08T00:00:00
1613,27,4,94.17,2024-05-21T00:00:00
1614,12,4,145.22,2024-01-29T00:00:00
1615,18,4,138.05,2024-04-08T00:00:00
1616,99,5,145.45,2024-07-04T00:00:00
1617,98,2,72.69,2024-05-03T00:00:00
1618,70,1,28.47,2024-01-02T00:00:00
1619,46,1,142.43,2024-04-27T00:00:00
1620,18,4,60.64,2024-07-05T00:00:00
1621,25,5,13.89,2024-02-20T00:00:00
1622,62,3,113.13,2024-05-20T00:00:00
1623,64,5,112.73,2024-05-15T00:00:00
1624,54,1,27.51,2024-01-03T00:00:00
1625,40,4,105.63,2024-02-17T00:00:00
1626,83,1,59.62,2024-05-10T00:00:00
1627,19,3,24.98,2024-03-17T00:00:00
1628,66,2,120.24,2024-06-19T00:00:00
1629,40,4,95.29,2024-05-10T00:00:00
1630,25,1,34.85,2024-04-06T00:00:00
1631,42,3,100.6,2024-07-15T00:00:00
1632,6,4,17.81,2024-05-06T00:00:00
1633,20,3,134.87,2024-02-16T00:00:00
1634,6,4,71.85,2024-03-29T00:00:00
1635,45,5,79.74,2024-05-18T00:00:00
1636,28,5,24.39,2024-04-16T00:00:00
1637,86,1,142.37,2024-03-06T00:00:00
1638,39,5,135.56,2024-03-26T00:00:00
1639,81,4,146.07,2024-05-05T00:00:00
1640,91,4,142.59,2024-01-07T00:00:00
1641,55,4,32.13,2024-05-23T00:00:00
1642,89,4,32.63,2024-05-31T00:00:00
1643,87,4,121.45,2024-06-27T00:00:00
1644,4,2,98.2,2024-03-28T00:00:00
1645,47,4,49.87,2024-01-15T00:00:00
1646,67,3,27.8,2024-01-14T00:00:00
1647,47,4,40.05,2024-06-05T00:00:00
1648,83,1,124.72,2024-01-04T00:00:00
1649,62,4,123.59,2024-07-15T00:00:00
1650,55,2,63.84,2024-01-27T00:00:00
1651,32,3,49.14,2024-01-07T00:00:00
1652,14,2,67.28,2024-06-19T00:00:00
1653,37,4,114.38,2024-03-19T00:00:00
1654,15,4,25.13,2024-03-21T00:00:00
1655,40,5,83.17,2024-03-27T00:00:00
1656,5,3,33.52,2024-04-28T00:00:00
1657,65,5,37.29,2024-01-01T00:00:00
1658,41,4,21.08,2024-04-19T00:00:00
1659,46,3,11.11,2024-06-26T00:00:00
1660,90,5,49.27,2024-07-19T00:00:00
1661,44,4,136.44,2024-07-18T00:00:00
1662,7,4,126.86,2024-02-11T00:00:00
1663,77,2,123.12,2024-02-11T00:00:00
1664,80,4,84.16,2024-01-29T00:00:00
1665,40,1,93.86,2024-02-11T00:00:00
1666,76,4,76.13,2024-02-05T00:00:00
1667,95,1,9.5,2024-06-28T00:00:00
1668,69,4,87.8,2024-05-17T00:00:00
1669,17,2,11.46,2024-05-17T00:00:00
1670,39,4,122.03,2024-05-26T00:00:00
1671,60,3,87.61,2024-05-21T00:00:00
1672,43,5,57.99,2024-01-09T00:00:00
1673,24,4,37.28,2024-06-10T00:00:00
1674,48,3,110.25,2024-07-09T00:00:00
1675,97,2,14.58,2024-03-07T00:00:00
1676,38,5,117.14,2024-03-16T00:00:00
1677,62,4,107.46,2024-02-11T00:00:00
1678,12,5,81.91,2024-05-20T00:00:00
1679,26,1,87.9,2024-05-13T00:00:00
1680,44,3,14.58,2024-06-03T00:00:00
1681,29,5,100.11,2024-02-07T00:00:00
1682,88,4,96.51,2024-03-21T00:00:00
1683,82,2,92.84,2024-07-18T00:00:00
1684,60,2,133.29,2024-07-14T00:00:00
1685,26,1,7.54,2024-04-09T00:00:00
1686,47,4,32.21,2024-02-11T00:00:00
1687,1,4,9.59,2024-01-16T00:00:00
1688,51,1,58.59,2024-05-21T00:00:00
1689,77,2,128.92,2024-05-13T00:00:00
1690,82,1,112.98,2024-05-05T00:00:00
1691,81,1,72.81,2024-04-13T00:00:00
1692,72,1,67.79,2024-06-02T00:00:00
1693,76,4,7.76,2024-05-11T00:00:00
1694,38,2,62.76,2024-04-13T00:00:00
1695,48,1,127.12,2024-04-14T00:00:00
1696,78,4,90.16,2024-02-10T00:00:00
1697,89,2,52.94,2024-02-06T00:00:00
1698,63,4,50.46,2024-07-16T00:00:00
1699,1,3,59.03,2024-04-02T00:00:00
1700,94,1,118.62,2024-04-08T00:00:00
1701,17,1,131.68,2024-01-13T00:00:00
1702,94,3,43.35,2024-01-11T00:00:00
1703,11,2,24.91,2024-03-22T00:00:00
1704,27,2,69.37,2024-04-14T00:00:00
1705,48,2,50.12,2024-05-31T00:00:00
1706,24,4,8.58,2024-02-15T00:00:00
1707,94,1,9.59,2024-02-06T00:00:00
1708,54,3,79.38,2024-02-24T00:00:00
1709,8,1,92.4,2024-05-14T00:00:00
1710,100,5,83.31,2024-06-30T00:00:00
1711,55,3,105.4,2024-05-23T00:00:00
1712,57,4,98.78,2024-06-07T00:00:00
1713,11,5,54.75,2024-03-17T00:00:00
1714,30,1,39.45,2024-02-22T00:00:00
1715,23,4,114.23,2024-04-13T00:00:00
1716,82,2,124.87,2024-02-29T00:00:00
1717,72,2,75.74,2024-06-25T00:00:00
1718,76,2,104.45,2024-07-08T00:00:00
1719,81,1,60.56,2024-04-01T00:00:00
1720,86,1,143.73,2024-05-03T00:00:00
1721,82,4,116.8,2024-03-04T00:00:00
1722,79,3,30.15,2024-06-04T00:00:00
1723,61,1,113.63,2024-03-22T00:00:00
1724,12,3,106.05,2024-05-13T00:00:00
1725,39,2,83.97,2024-06-12T00:00:00
1726,8,3,16.48,2024-05-08T00:00:00
1727,90,2,30.03,2024-07-17T00:00:00
1728,4,5,82.58,2024-01-16T00:00:00
1729,9,5,57.35,2024-05-02T00:00:00
1730,7,5,98.94,2024-05-16T00:00:00
1731,10,4,70.89,2024-06-21T00:00:00
1732,3,3,56.6,2024-01-21T00:00:00
1733,45,1,30.36,2024-07-12T00:00:00
1734,74,1,88.67,2024-02-19T00:00:00
1735,73,2,141.88,2024-05-04T00:00:00
1736,16,3,80.92,2024-06-21T00:00:00
1737,63,5,19.93,2024-06-08T00:00:00
1738,70,2,77.52,2024-03-20T00:00:00
1739,13,3,17.81,2024-06-07T00:00:00
1740,15,5,51.73,2024-04-22T00:00:00
1741,74,5,46.82,2024-03-14T00:00:00
1742,97,5,68.69,2024-05-16T00:00:00
1743,60,5,26.67,2024-05-29T00:00:00
1744,35,1,125.02,2024-03-14T00:00:00
1745,5,5,131.03,2024-07-02T00:00:00
1746,17,4,89.52,2024-06-16T00:00:00
1747,99,3,101.63,2024-02-01T00:00:00
1748,74,3,68.19,2024-03-03T00:00:00
1749,50,5,89.7,2024-04-12T00:00:00
1750,87,2,41.8,2024-06-23T00:00:00
1751,33,2,54.14,2024-03-07T00:00:00
1752,49,1,24.06,2024-05-04T00:00:00
1753,42,4,63.99,2024-01-21T00:00:00
1754,66,5,72.92,2024-01-10T00:00:00
1755,56,2,62.14,2024-05-26T00:00:00
1756,88,3,94.42,2024-07-12T00:00:00
1757,17,2,129.35,2024-04-06T00:00:00
1758,8,1,144.46,2024-01-14T00:00:00
1759,57,1,55.16,2024-04-24T00:00:00
1760,42,2,106.28,2024-02-23T00:00:00
1761,93,4,95.27,2024-02-24T00:00:00
1762,85,2,138.34,2024-03-25T00:00:00
1763,100,4,45.45,2024-02-11T00:00:00
1764,39,1,116.15,2024-06-04T00:00:00
1765,71,1,81.72,2024-05-02T00:00:00
1766,74,5,83.93,2024-03-03T00:00:00
1767,13,4,22.41,2024-05-09T00:00:00
1768,70,2,21.36,2024-06-14T00:00:00
1769,42,5,108.62,2024-04-06T00:00:00
1770,75,2,80.53,2024-07-19T00:00:00
1771,58,2,21.23,2024-07-14T00:00:00
1772,12,4,41.51,2024-05-11T00:00:00
1773,39,1,53.39,2024-06-23T00:00:00
1774,50,2,67.53,2024-05-08T00:00:00
1775,73,4,14.85,2024-03-06T00:00:00
1776,53,5,88.67,2024-01-18T00:00:00
1777,91,1,136.61,2024-01-31T00:00:00
1778,35,4,128.57,2024-01-24T00:00:00
1779,70,3,15.83,2024-06-21T00:00:00
1780,61,4,113.22,2024-06-14T00:00:00
1781,83,2,63.02,2024-03-07T00:00:00
1782,51,4,60.88,2024-01-04T00:00:00
1783,92,2,82.94,2024-01-19T00:00:00
1784,64,4,35.38,2024-07-16T00:00:00
1785,89,4,33.48,2024-06-11T00:00:00
1786,52,4,8.73,2024-03-12T00:00:00
1787,3,1,75.53,2024-04-17T00:00:00
1788,17,5,30.54,2024-02-18T00:00:00
1789,65,4,124.79,2024-01-21T00:00:00
1790,71,1,64.92,2024-02-07T00:00:00
1791,60,2,48.08,2024-06-15T00:00:00
1792,39,5,47.44,2024-06-06T00:00:00
1793,68,3,47.62,2024-05-04T00:00:00
1794,12,2,112.34,2024-07-18T00:00:00
1795,87,5,60.58,2024-06-28T00:00:00
1796,81,4,43.27,2024-04-24T00:00:00
1797,3,4,10.07,2024-07-16T00:00:00
1798,7,3,33.92,2024-02-16T00:00:00
1799,32,2,141.82,2024-01-11T00:00:00
1800,13,2,49.55,2024-05-06T00:00:00
1801,76,5,149.94,2024-05-01T00:00:00
1802,3,4,88.76,2024-04-07T00:00:00
1803,31,5,25.64,2024-07-15T00:00:00
1804,14,4,85.21,2024-02-27T00:00:00
1805,72,1,91.45,2024-05-26T00:00:00
1806,72,3,64.46,2024-04-09T00:00:00
1807,72,2,24.24,2024-02-15T00:00:00
1808,15,5,21.33,2024-03-17T00:00:00
1809,23,3,73.51,2024-07-15T00:00:00
1810,68,2,133.04,2024-03-09T00:00:00
1811,82,2,43.28,2024-07-02T00:00:00
1812,66,3,40.5,2024-06-05T00:00:00
1813,72,2,43.1,2024-02-11T00:00:00
1814,82,2,13.24,2024-04-01T00:00:00
1815,17,5,41.04,2024-07-07T00:00:00
1816,6,4,69.77,2024-07-10T00:00:00
1817,7,2,143.34,2024-04-06T00:00:00
1818,86,4,99.82,2024-03-21T00:00:00
1819,40,3,27.96,2024-06-19T00:00:00
1820,68,3,124.03,2024-07-12T00:00:00
1821,55,2,143.16,2024-06-28T00:00:00
1822,47,1,140.81,2024-03-31T00:00:00
1823,32,1,58.15,2024-06-22T00:00:00
1824,69,3,11.23,2024-05-25T00:00:00
1825,46,5,6.81,2024-06-17T00:00:00
1826,13,1,124.7,2024-05-26T00:00:00
1827,23,4,20.82,2024-04-05T00:00:00
1828,9,5,25.0,2024-02-17T00:00:00
1829,57,5,18.74,2024-03-10T00:00:00
1830,91,4,121.82,2024-04-05T00:00:00
1831,85,2,148.93,2024-06-14T00:00:00
1832,18,1,97.74,2024-04-11T00:00:00
1833,21,2,37.54,2024-03-14T00:00:00
1834,14,1,140.47,2024-02-25T00:00:00
1835,1,5,105.85,2024-01-04T00:00:00
1836,82,4,105.61,2024-06-06T00:00:00
1837,49,3,26.65,2024-03-27T00:00:00
1838,48,5,59.91,2024-06-05T00:00:00
1839,79,2,54.2,2024-04-18T00:00:00
1840,58,2,28.98,2024-05-08T00:00:00
1841,34,4,38.74,2024-01-22T00:00:00
1842,9,2,139.93,2024-07-04T00:00:00
1843,18,2,119.48,2024-07-02T00:00:00
1844,70,3,80.48,2024-01-05T00:00:00
1845,74,5,33.69,2024-01-09T00:00:00
1846,13,2,64.6,2024-06-21T00:00:00
1847,63,5,137.61,2024-03-02T00:00:00
1848,8,3,29.5,2024-05-20T00:00:00
1849,86,2,67.56,2024-05-17T00:00:00
1850,32,3,55.22,2024-07-14T00:00:00
1851,82,5,82.94,2024-03-16T00:00:00
1852,76,2,19.85,2024-01-11T00:00:00
1853,43,3,85.66,2024-07-08T00:00:00
1854,17,4,51.07,2024-03-13T00:00:00
1855,77,1,117.75,2024-05-16T00:00:00
1856,32,1,51.11,2024-01-13T00:00:00
1857,27,4,19.34,2024-04-22T00:00:00
1858,91,4,76.64,2024-05-21T00:00:00
1859,26,4,20.54,2024-06-12T00:00:00
1860,25,2,97.15,2024-06-03T00:00:00
1861,91,3,6.09,2024-06-19T00:00:00
1862,86,4,7.66,2024-02-18T00:00:00
1863,65,3,44.72,2024-05-24T00:00:00
1864,27,4,86.05,2024-04-25T00:00:00
1865,6,4,78.98,2024-04-12T00:00:00
1866,8,1,46.94,2024-02-29T00:00:00
1867,94,2,71.65,2024-04-30T00:00:00
1868,61,1,116.22,2024-05-20T00:00:00
1869,25,1,51.6,2024-07-01T00:00:00
1870,39,4,111.19,2024-03-04T00:00:00
1871,90,2,129.92,2024-03-11T00:00:00
1872,76,3,104.21,2024-05-29T00:00:00
1873,48,1,100.37,2024-04-02T00:00:00
1874,55,5,66.48,2024-05-02T00:00:00
1875,29,1,30.63,2024-06-01T00:00:00
1876,58,5,137.68,2024-01-15T00:00:00
1877,14,1,63.16,2024-04-12T00:00:00
1878,97,3,32.75,2024-06-23T00:00:00
1879,63,5,102.07,2024-06-21T00:00:00
1880,46,5,59.48,2024-05-09T00:00:00
1881,15,5,6.8,2024-05-05T00:00:00
1882,50,3,93.95,2024-03-09T00:00:00
1883,11,2,62.13,2024-01-26T00:00:00
1884,7,2,128.23,2024-02-16T00:00:00
1885,23,3,86.82,2024-02-29T00:00:00
1886,83,1,65.65,2024-02-10T00:00:00
1887,19,5,24.35,2024-03-24T00:00:00
1888,71,2,22.84,2024-06-17T00:00:00
1889,64,2,50.29,2024-06-28T00:00:00
1890,6,5,32.67,2024-03-25T00:00:00
1891,85,5,32.62,2024-06-15T00:00:00
1892,55,1,52.31,2024-05-25T00:00:00
1893,91,3,30.89,2024-07-11T00:00:00
1894,82,5,48.97,2024-05-18T00:00:00
1895,50,4,14.21,2024-03-27T00:00:00
1896,18,3,132.75,2024-06-04T00:00:00
1897,57,2,140.93,2024-02-19T00:00:00
1898,50,4,18.55,2024-04-23T00:00:00
1899,91,1,85.95,2024-03-06T00:00:00
1900,40,4,122.86,2024-07-09T00:00:00
1901,39,2,56.78,2024-06-28T00:00:00
1902,17,5,114.22,2024-05-18T00:00:00
1903,83,1,124.34,2024-04-20T00:00:00
1904,28,3,114.61,2024-05-16T00:00:00
1905,86,2,24.14,2024-05-24T00:00:00
1906,85,1,119.25,2024-01-14T00:00:00
1907,95,4,141.8,2024-06-12T00:00:00
1908,91,1,145.08,2024-01-15T00:00:00
1909,78,2,10.32,2024-03-31T00:00:00
1910,12,2,102.12,2024-02-19T00:00:00
1911,25,5,11.29,2024-06-05T00:00:00
1912,79,5,131.97,2024-06-22T00:00:00
1913,53,4,118.12,2024-01-16T00:00:00
1914,70,2,80.69,2024-03-02T00:00:00
1915,85,1,123.31,2024-04-19T00:00:00
1916,23,1,136.23,2024-05-11T00:00:00
1917,80,4,49.2,2024-01-08T00:00:00
1918,59,3,61.0,2024-05-07T00:00:00
1919,61,3,109.96,2024-02-11T00:00:00
1920,56,1,103.0,2024-05-14T00:00:00
1921,43,3,87.46,2024-01-08T00:00:00
1922,50,2,73.89,2024-04-09T00:00:00
1923,70,5,110.46,2024-02-15T00:00:00
1924,29,5,13.64,2024-06-06T00:00:00
1925,22,4,70.73,2024-05-29T00:00:00
1926,83,1,33.72,2024-05-25T00:00:00
1927,80,4,15.69,2024-06-29T00:00:00
1928,68,4,5.85,2024-02-06T00:00:00
1929,29,4,54.18,2024-01-27T00:00:00
1930,84,4,134.7,2024-01-09T00:00:00
1931,77,1,34.29,2024-03-31T00:00:00
1932,90,1,98.65,2024-05-31T00:00:00
1933,40,4,47.52,2024-05-09T00:00:00
1934,21,2,119.82,2024-05-11T00:00:00
1935,73,2,100.37,2024-06-25T00:00:00
1936,2,5,5.1,2024-02-25T00:00:00
1937,29,4,18.93,2024-04-21T00:00:00
1938,21,5,46.75,2024-07-07T00:00:00
1939,60,2,121.93,2024-05-26T00:00:00
1940,51,2,121.44,2024-06-30T00:00:00
1941,38,3,21.66,2024-06-14T00:00:00
1942,16,5,22.19,2024-01-14T00:00:00
1943,72,4,56.54,2024-01-15T00:00:00
1944,14,4,134.76,2024-01-15T00:00:00
1945,75,3,109.91,2024-02-02T00:00:00
1946,40,4,11.93,2024-03-14T00:00:00
1947,69,1,119.24,2024-02-01T00:00:00
1948,83,1,126.4,2024-04-20T00:00:00
1949,66,1,66.32,2024-05-23T00:00:00
1950,76,2,106.65,2024-05-06T00:00:00
1951,64,5,78.63,2024-07-14T00:00:00
1952,54,3,113.97,2024-04-29T00:00:00
1953,31,2,90.44,2024-05-17T00:00:00
1954,25,2,14.01,2024-03-11T00:00:00
1955,95,1,115.88,2024-04-24T00:00:00
1956,86,2,35.22,2024-05-19T00:00:00
1957,39,2,17.32,2024-02-17T00:00:00
1958,68,1,100.61,2024-02-13T00:00:00
1959,53,2,127.55,2024-07-13T00:00:00
1960,54,3,54.2,2024-06-17T00:00:00
1961,20,5,38.65,2024-04-16T00:00:00
1962,43,1,117.29,2024-07-10T00:00:00
1963,93,2,29.75,2024-03-15T00:00:00
1964,8,1,37.73,2024-06-22T00:00:00
1965,4,4,90.64,2024-05-12T00:00:00
1966,5,2,104.43,2024-06-02T00:00:00
1967,3,5,68.73,2024-07-07T00:00:00
1968,55,2,144.35,2024-04-12T00:00:00
1969,29,5,76.83,2024-07-02T00:00:00
1970,72,3,22.69,2024-07-10T00:00:00
1971,37,1,47.54,2024-05-14T00:00:00
1972,98,1,46.49,2024-01-24T00:00:00
1973,48,3,21.62,2024-05-09T00:00:00
1974,58,3,143.65,2024-01-09T00:00:00
1975,8,5,147.4,2024-03-27T00:00:00
1976,45,2,116.35,2024-07-19T00:00:00
1977,63,3,115.28,2024-01-18T00:00:00
1978,30,4,60.19,2024-02-11T00:00:00
1979,79,4,71.45,2024-02-26T00:00:00
1980,59,5,96.74,2024-07-07T00:00:00
1981,65,4,60.09,2024-02-21T00:00:00
1982,80,2,10.44,2024-02-06T00:00:00
1983,59,3,56.11,2024-06-23T00:00:00
1984,13,3,128.81,2024-03-02T00:00:00
1985,41,3,7.57,2024-06-21T00:00:00
1986,33,4,70.98,2024-06-15T00:00:00
1987,44,1,107.14,2024-01-04T00:00:00
1988,35,4,106.25,2024-02-09T00:00:00
1989,30,5,125.74,2024-04-05T00:00:00
1990,80,4,115.81,2024-03-01T00:00:00
1991,70,2,37.19,2024-01-31T00:00:00
1992,25,1,33.0,2024-06-10T00:00:00
1993,30,1,65.03,2024-07-06T00:00:00
1994,44,2,109.74,2024-01-04T00:00:00
1995,60,5,36.39,2024-01-16T00:00:00
1996,80,1,108.18,2024-01-26T00:00:00
1997,5,2,56.26,2024-04-06T00:00:00
1998,74,5,36.46,2024-03-22T00:00:00
1999,51,3,29.87,2024-03-15T00:00:00
2000,40,3,89.43,2024-04-02T00:00:00
